,Date,Username,Tweet,word_count,char_count,avg_word,stopwords,hastags,scores,label
0,2023-03-11 06:15:11+00:00,Dante_Manda,will. thank you.,5,35,6.2,0,0,"{'neg': 0.0, 'neu': 0.444, 'pos': 0.556, 'compound': 0.3612}",Positive
1,2023-03-09 12:22:03+00:00,explore_ai_acad,@dante_manda application july 2023 cohort open mid-april. keep eye social medium account update announcements.,23,146,5.391304347826087,0,0,"{'neg': 0.0, 'neu': 1.0, 'pos': 0.0, 'compound': 0.0}",Neutral
2,2023-03-09 09:10:46+00:00,Dante_Manda,application opening?,5,47,8.6,0,0,"{'neg': 0.0, 'neu': 1.0, 'pos': 0.0, 'compound': 0.0}",Neutral
3,2023-03-08 14:41:39+00:00,Mr__Nwankwo,beautiful interactive space.,5,49,9.0,0,0,"{'neg': 0.0, 'neu': 0.339, 'pos': 0.661, 'compound': 0.5994}",Positive
4,2023-03-07 13:47:56+00:00,_techbarbie_,@alx_africa please anyone answer question. program like software engineering program task everyday? @explore_ai,32,203,5.516129032258065,0,0,"{'neg': 0.0, 'neu': 0.696, 'pos': 0.304, 'compound': 0.5859}",Positive
5,2023-03-06 17:03:28+00:00,Ndaruga2,@alx_africa link corrupted,7,53,6.714285714285714,0,0,"{'neg': 0.0, 'neu': 1.0, 'pos': 0.0, 'compound': 0.0}",Neutral
6,2023-03-06 11:58:25+00:00,explore_ai_acad,"join tonight 7pm eat twitter space exploreai expert partnership alx, dive exciting world discus cutting-edge courses. alxafrica dataanalytics",35,267,6.1891891891891895,0,5,"{'neg': 0.0, 'neu': 0.748, 'pos': 0.252, 'compound': 0.6597}",Positive
7,2023-03-03 15:58:00+00:00,explore_ai_acad,"excited announce partnership @alx_africa, african education powerhouse, train 25,000 african dynamic field dataanalytics. read here:",30,227,6.32258064516129,0,2,"{'neg': 0.0, 'neu': 0.722, 'pos': 0.278, 'compound': 0.6124}",Positive
8,2023-03-02 07:49:14+00:00,tech_financials,sa startup exploreai academy partner alx train 25 000 african scientist africa digitaleconomy,19,164,7.684210526315789,0,3,"{'neg': 0.0, 'neu': 1.0, 'pos': 0.0, 'compound': 0.0}",Neutral
9,2023-02-15 10:10:02+00:00,wethinkcode,calling coder â¬‡ï¸â¬‡ï¸â¬‡ï¸ @umuziorg @girlcode_za @geekulcha @codejika @codespaceza @code4changesa @codehubafrica @project_codex,13,146,10.153846153846153,0,0,"{'neg': 0.0, 'neu': 1.0, 'pos': 0.0, 'compound': 0.0}",Neutral
10,2023-01-19 11:00:58+00:00,explore_ai_acad,@grace_dota please contact delivery team academy@explore.ai they'll able help athena.,17,111,5.588235294117647,0,0,"{'neg': 0.0, 'neu': 0.615, 'pos': 0.385, 'compound': 0.6124}",Positive
11,2023-01-18 07:44:07+00:00,Grace_DOTA,i'm currently technical issue i'm unable login back athena since monday 16th. keep giving error message,25,170,5.84,0,0,"{'neg': 0.141, 'neu': 0.733, 'pos': 0.126, 'compound': -0.0772}",Negative
12,2023-01-16 16:43:39+00:00,georgekcharles,swap engineering,10,65,5.6,0,0,"{'neg': 0.0, 'neu': 1.0, 'pos': 0.0, 'compound': 0.0}",Neutral
13,2023-01-16 16:40:52+00:00,georgekcharles,gotten acceptance letter program start today,12,81,5.833333333333333,0,0,"{'neg': 0.0, 'neu': 0.625, 'pos': 0.375, 'compound': 0.4588}",Positive
14,2023-01-16 13:29:15+00:00,MissKki,"regret, enjoying every second explore.",15,85,5.461538461538462,0,0,"{'neg': 0.304, 'neu': 0.326, 'pos': 0.37, 'compound': 0.1531}",Positive
15,2023-01-16 13:25:05+00:00,explore_ai_acad,"welcome class 2023 ğŸš€ student joining 2023 cohort, wish best journey ahead! canâ€™t wait see class ğŸ‘¨â€ğŸ’» datascientist dataengineer welcomestudents classof2023 studyonline",36,269,6.0,0,6,"{'neg': 0.0, 'neu': 0.638, 'pos': 0.362, 'compound': 0.8805}",Positive
16,2023-01-16 12:02:06+00:00,explore_ai_acad,"â€œalexa, tech help make life better?â€ ğŸ”Š alexa, amazon's virtual assistant, us natural language processing understand respond human speech carry task based voice commands. amazon naturallanguageprocessing virtualassistant",33,299,7.054054054054054,0,4,"{'neg': 0.0, 'neu': 0.769, 'pos': 0.231, 'compound': 0.7096}",Positive
17,2023-01-13 11:12:41+00:00,tanashatheone,hi ğŸ‘‹. receive email didnâ€™t get scholarship?,14,81,4.857142857142857,0,0,"{'neg': 0.0, 'neu': 1.0, 'pos': 0.0, 'compound': 0.0}",Neutral
18,2023-01-13 09:48:05+00:00,explore_ai_acad,"last chance applyâ° application self-funded course close january 15, 2023. follow link learn flexible payment options. tuitionoptions payasyoulearn studyonline careerdevelopment",30,303,7.852941176470588,0,6,"{'neg': 0.0, 'neu': 0.822, 'pos': 0.178, 'compound': 0.4404}",Positive
19,2023-01-12 17:29:05+00:00,explore_ai_acad,congratulation giveaway winners! wish best year ahead! ğŸ’ª education giveaway competition,21,201,7.478260869565218,0,6,"{'neg': 0.0, 'neu': 0.293, 'pos': 0.707, 'compound': 0.938}",Positive
20,2023-01-11 13:34:05+00:00,explore_ai_acad,"meet jade! ğŸ§‘â€ğŸš€ jade's year experience management, starting business, passion technology human resource make excellent placement administrator. leave question jade comment ğŸ’¬ jobplacement",35,296,6.538461538461538,0,3,"{'neg': 0.044, 'neu': 0.699, 'pos': 0.257, 'compound': 0.7777}",Positive
21,2023-01-10 10:30:08+00:00,explore_ai_acad,use modelling? ğŸ’» modelling help understand organised. effective tool analysing working large amount data. datamodelling dataanalysis,33,272,6.5,0,5,"{'neg': 0.0, 'neu': 0.691, 'pos': 0.309, 'compound': 0.7003}",Positive
22,2023-01-08 16:29:06+00:00,to_olx,"@mokhele_k also another great one necessarily software engineers, ai/ml stuff.",20,137,5.9,0,0,"{'neg': 0.0, 'neu': 0.687, 'pos': 0.313, 'compound': 0.6249}",Positive
23,2023-01-06 05:19:47+00:00,Thaabo,"can't proceed application anymore due incomplete application. sent email, response many daysğŸ’”",24,149,5.25,0,0,"{'neg': 0.0, 'neu': 1.0, 'pos': 0.0, 'compound': 0.0}",Neutral
24,2023-01-05 10:44:05+00:00,explore_ai_acad,"ai replacing tech jobs? ğŸ¤– ai automation replacing jobs, rather making task easier efficient. allows people focus creative complex work. artificialintelligence techmyths automation techindustry futureofwork",32,303,6.743589743589744,0,6,"{'neg': 0.0, 'neu': 0.712, 'pos': 0.288, 'compound': 0.8176}",Positive
25,2023-01-04 13:36:00+00:00,explore_ai_acad,"expert ğŸ§‘â€ğŸ’» masterclass, damien share tip suggestion sell product. click link learn more. exploreai masterclass professionaldevelopment softskills presenting",24,259,7.290322580645161,0,6,"{'neg': 0.0, 'neu': 0.885, 'pos': 0.115, 'compound': 0.296}",Positive
26,2023-01-03 16:39:06+00:00,explore_ai_acad,"love hearing explorers! ğŸ§‘â€ğŸš€ thank sharing journey us, clara. exploreaigraduate testimonial successstories",19,213,8.217391304347826,0,6,"{'neg': 0.0, 'neu': 0.479, 'pos': 0.521, 'compound': 0.8687}",Positive
27,2022-12-26 23:02:11+00:00,nizalbenneth,"hi matt, also trying change career path academia tech. msc parasitology public health want start new career science. go it?",42,209,4.0,0,0,"{'neg': 0.0, 'neu': 0.936, 'pos': 0.064, 'compound': 0.0772}",Positive
28,2022-12-26 12:06:05+00:00,explore_ai_acad,"thought ğŸ§‘â€ğŸš€ proud are, mwenda.",14,137,7.5,0,3,"{'neg': 0.0, 'neu': 0.563, 'pos': 0.437, 'compound': 0.4767}",Positive
29,2022-12-22 10:26:05+00:00,explore_ai_acad,"love seeing excel ğŸš€ thank sharing journey us, kolawole. datascientist studentplacement",19,185,7.714285714285714,0,4,"{'neg': 0.0, 'neu': 0.324, 'pos': 0.676, 'compound': 0.91}",Positive
30,2022-12-20 13:50:06+00:00,explore_ai_acad,"love hearing ğŸ§‘â€ğŸš€ really proud hard work, yinka. exploregraduate",20,179,7.090909090909091,0,4,"{'neg': 0.11, 'neu': 0.393, 'pos': 0.497, 'compound': 0.7854}",Positive
31,2022-12-19 15:30:16+00:00,explore_ai_acad,travel âœˆï¸ used optimise tourism industry keep traveller safe? travelling holiday season? ğŸ—ºï¸ travel,34,263,6.027027027027027,0,4,"{'neg': 0.0, 'neu': 0.554, 'pos': 0.446, 'compound': 0.8343}",Positive
32,2022-12-18 20:32:15+00:00,ke_nna_Faith,ğŸ˜­ğŸ¤²ğŸ¿ğŸ™ğŸ¿,2,22,10.5,0,0,"{'neg': 0.0, 'neu': 1.0, 'pos': 0.0, 'compound': 0.0}",Neutral
33,2022-12-17 20:16:43+00:00,Its_nueLX,@stevomtrue @dayo_ajisco @paulabartabajo_ @tyrelldowner thanks broğŸ˜Š..more come!!,9,100,10.222222222222221,0,0,"{'neg': 0.0, 'neu': 0.633, 'pos': 0.367, 'compound': 0.5399}",Positive
34,2022-12-17 20:03:46+00:00,stevomtrue,@its_nuelx @dayo_ajisco @paulabartabajo_ @tyrelldowner enjoying following project. good job,13,118,8.153846153846153,0,0,"{'neg': 0.0, 'neu': 0.526, 'pos': 0.474, 'compound': 0.743}",Positive
35,2022-12-16 16:37:25+00:00,Iam__Fibonacci,would like get info this..,10,59,5.0,0,0,"{'neg': 0.0, 'neu': 0.615, 'pos': 0.385, 'compound': 0.3612}",Positive
36,2022-12-16 11:06:05+00:00,explore_ai_acad,"thanks sonyâ€™s ai system analysis player's unique style, gamers able play like never ğŸ® datadaily sony ai gaming",23,194,6.185185185185185,0,6,"{'neg': 0.0, 'neu': 0.642, 'pos': 0.358, 'compound': 0.7783}",Positive
37,2022-12-15 10:44:05+00:00,explore_ai_acad,unsupervised machine learning explained ğŸ’» unsupervised learning branch machine learning computer learn find pattern structure large datasets without human guidance. machinelearning unsupervisedlearning clusteranalysis,31,296,7.647058823529412,0,4,"{'neg': 0.0, 'neu': 1.0, 'pos': 0.0, 'compound': 0.0}",Neutral
38,2022-12-14 11:43:08+00:00,Biz_IT,bursary grab exploreai academy competition via @biz_education bursary,16,155,8.75,0,2,"{'neg': 0.0, 'neu': 1.0, 'pos': 0.0, 'compound': 0.0}",Neutral
39,2022-12-14 11:43:07+00:00,Biz_Education,bursary grab exploreai academy competition via @biz_education bursary,16,155,8.75,0,2,"{'neg': 0.0, 'neu': 1.0, 'pos': 0.0, 'compound': 0.0}",Neutral
40,2022-12-14 11:43:07+00:00,Bizcommunity,bursary grab exploreai academy competition via @biz_education bursary,16,155,8.75,0,2,"{'neg': 0.0, 'neu': 1.0, 'pos': 0.0, 'compound': 0.0}",Neutral
41,2022-12-13 10:48:05+00:00,explore_ai_acad,"meet matt! ğŸ§‘â€ğŸš€ matt got first job 2020, spending several year working academia biological science lecturer. question him? leave comment ğŸ’¬ dataengineer digitalsolutions",39,293,5.928571428571429,0,4,"{'neg': 0.066, 'neu': 0.934, 'pos': 0.0, 'compound': -0.126}",Negative
42,2022-12-12 12:49:14+00:00,explore_ai_acad,"@vehiclespot_ng hi, busy reviewing application applicant get feedback end december 2022.",18,122,5.722222222222222,0,0,"{'neg': 0.0, 'neu': 1.0, 'pos': 0.0, 'compound': 0.0}",Neutral
43,2022-12-10 08:16:45+00:00,vehiclespot_ng,guy done shortlisting received congratulation email,15,109,6.333333333333333,0,0,"{'neg': 0.0, 'neu': 0.562, 'pos': 0.438, 'compound': 0.5994}",Positive
44,2022-12-08 16:41:04+00:00,RaveEx12,thank privilege learn tutorship. much work happy got,25,134,4.4,0,0,"{'neg': 0.0, 'neu': 0.365, 'pos': 0.635, 'compound': 0.8271}",Positive
45,2022-12-08 10:23:05+00:00,explore_ai_acad,donâ€™t let tuition hold back ğŸ§‘â€ğŸ“ time start career tech! follow link get started datascientist dataengineer techmyths studyonline,20,229,7.107142857142857,0,5,"{'neg': 0.0, 'neu': 1.0, 'pos': 0.0, 'compound': 0.0}",Neutral
46,2022-12-07 13:12:05+00:00,explore_ai_acad,"ready dream job? ğŸ’¼ career service programme help graduate land dream job. help cv preparation, writing good cover letter, creating unique portfolio. datascientist dataengineer careerservices techjob",37,288,6.526315789473684,0,5,"{'neg': 0.0, 'neu': 0.514, 'pos': 0.486, 'compound': 0.9325}",Positive
47,2022-12-07 12:07:54+00:00,SWAN_forum,welcome newest swan members! @southeastwater @mmsd_mke @envirosuite_ltd @shaypwater @gradiant_corp @savoniaamk waltero view entire flock: smartwater smartwaternetworks,22,246,10.227272727272727,0,3,"{'neg': 0.0, 'neu': 0.82, 'pos': 0.18, 'compound': 0.5093}",Positive
48,2022-12-06 10:50:00+00:00,explore_ai_acad,"inspiring ğŸš€ throwback one favourite choosegrowth session exploreai scientist, jonathan gerrand. follow link learn machine learning healthcare. healthcare machinelearning",26,272,7.40625,0,5,"{'neg': 0.0, 'neu': 0.859, 'pos': 0.141, 'compound': 0.4215}",Positive
49,2022-12-05 18:39:24+00:00,MahlatsiMakhub3,end december yet reserve feedback,10,62,5.3,0,0,"{'neg': 0.0, 'neu': 1.0, 'pos': 0.0, 'compound': 0.0}",Neutral
50,2022-12-01 10:56:05+00:00,explore_ai_acad,"love hearing explorers! ğŸ§‘â€ğŸš€ best future endeavours, okon. exploregraduate",18,176,7.75,0,4,"{'neg': 0.0, 'neu': 0.446, 'pos': 0.554, 'compound': 0.8655}",Positive
51,2022-12-01 06:43:50+00:00,Innovactionist,"would loved join, unfortunately ğŸ˜",9,82,8.222222222222221,0,0,"{'neg': 0.253, 'neu': 0.105, 'pos': 0.642, 'compound': 0.5719}",Positive
52,2022-11-30 21:29:15+00:00,MahlatsiMakhub3,okay hope win,6,34,4.833333333333333,0,0,"{'neg': 0.0, 'neu': 0.0, 'pos': 1.0, 'compound': 0.8225}",Positive
53,2022-11-30 13:27:05+00:00,explore_ai_acad,"win course engineering worth r70,000! enter, use form link. complete various action gain entries. winner three people entry competition close ğŸ†",43,290,5.4222222222222225,0,0,"{'neg': 0.0, 'neu': 0.548, 'pos': 0.452, 'compound': 0.9215}",Positive
54,2022-11-30 04:18:08+00:00,Innovactionist,ğŸ‘‚,2,18,8.5,0,0,"{'neg': 0.0, 'neu': 0.0, 'pos': 0.0, 'compound': 0.0}",Neutral
55,2022-11-29 11:17:05+00:00,explore_ai_acad,ever heard education change lives? ğŸ“ weâ€™re giving away bursary three lucky winners. competition open wed 30th november. keep eye peeled!,28,192,5.821428571428571,0,0,"{'neg': 0.0, 'neu': 0.664, 'pos': 0.336, 'compound': 0.8221}",Positive
56,2022-11-28 15:20:08+00:00,explore_ai_acad,"let's talk streaming ğŸ’» streaming refers type produced continuously, real time. used variety ways, processing video audio monitoring sensor devices. techskills bigdata dataanalystics",39,300,5.953488372093023,0,4,"{'neg': 0.0, 'neu': 1.0, 'pos': 0.0, 'compound': 0.0}",Neutral
57,2022-11-24 08:00:22+00:00,explore_ai_acad,"congratulation explorerai academy alumnus outstanding result achieved brics future skill challenge 2022, 15 south african student received medal ğŸš€ here: brics",29,276,7.59375,0,3,"{'neg': 0.0, 'neu': 0.565, 'pos': 0.435, 'compound': 0.9062}",Positive
58,2022-11-23 13:26:05+00:00,explore_ai_acad,"career tech doesnâ€™t limit options, expands opportunity ğŸ’ª techmyths",14,143,7.411764705882353,0,3,"{'neg': 0.0, 'neu': 0.588, 'pos': 0.412, 'compound': 0.4939}",Positive
59,2022-11-22 15:15:06+00:00,Iam__Fibonacci,thats really cool,4,34,7.75,0,0,"{'neg': 0.0, 'neu': 0.435, 'pos': 0.565, 'compound': 0.3804}",Positive
60,2022-11-22 11:34:28+00:00,adekunlearmani,ğŸˆ¸,2,18,8.5,0,0,"{'neg': 0.0, 'neu': 0.0, 'pos': 0.0, 'compound': 0.0}",Neutral
61,2022-11-22 10:58:05+00:00,explore_ai_acad,"music! ğŸ§ thanks science, artist music producer expose music people likely enjoy it. music",28,223,6.161290322580645,0,4,"{'neg': 0.089, 'neu': 0.556, 'pos': 0.355, 'compound': 0.6996}",Positive
62,2022-11-18 20:39:29+00:00,Iam__Fibonacci,paying eng student monthly stipend study engğŸ˜‹.crazy,14,92,5.642857142857143,0,0,"{'neg': 0.0, 'neu': 1.0, 'pos': 0.0, 'compound': 0.0}",Neutral
63,2022-11-18 11:25:05+00:00,explore_ai_acad,"love hearing explorers! ğŸ§‘â€ğŸš€ weâ€™re happy part story, adeh. exploregraduate",19,174,7.238095238095238,0,4,"{'neg': 0.0, 'neu': 0.494, 'pos': 0.506, 'compound': 0.8478}",Positive
64,2022-11-17 11:21:05+00:00,explore_ai_acad,"working sale junior scientist ğŸš€ hard work pay off. congratulation exciting new career, thembinkosi. careerchange",22,215,7.52,0,4,"{'neg': 0.141, 'neu': 0.503, 'pos': 0.357, 'compound': 0.743}",Positive
65,2022-11-16 13:30:10+00:00,explore_ai_acad,"getting paid study? ğŸ¤” yes, please. apply engineering scholarship receive monthly stipend studying. hurry up, application close midnight friday 18 november. scholarship",31,290,7.2,0,3,"{'neg': 0.0, 'neu': 0.792, 'pos': 0.208, 'compound': 0.6124}",Positive
66,2022-11-15 11:15:06+00:00,explore_ai_acad,uber us driver user keep ride safe affordable ğŸš• datadaily uber,15,139,6.722222222222222,0,4,"{'neg': 0.0, 'neu': 0.756, 'pos': 0.244, 'compound': 0.4404}",Positive
67,2022-11-14 13:10:06+00:00,explore_ai_acad,"meet nolwazi! ğŸ§‘â€ğŸš€ nolwazi hold master's degree pure mathematics postgraduate diploma machine learning, making great asset academy! question her? leave comment ğŸ’¬ dataengineer",41,300,5.7727272727272725,0,3,"{'neg': 0.044, 'neu': 0.694, 'pos': 0.262, 'compound': 0.7896}",Positive
68,2022-11-14 10:42:55+00:00,explore_ai_acad,"@mphoee19 hi mpho, please contact admission team via admissions@explore.ai happily assist you.",15,114,6.125,0,0,"{'neg': 0.0, 'neu': 0.629, 'pos': 0.371, 'compound': 0.7096}",Positive
69,2022-11-11 20:29:57+00:00,Iam__Fibonacci,"hello gabi, really enjoyed choose growth sessions.pass greeting zintleğŸ˜‰",13,99,6.6923076923076925,0,0,"{'neg': 0.0, 'neu': 0.398, 'pos': 0.602, 'compound': 0.8425}",Positive
70,2022-11-11 10:10:06+00:00,explore_ai_acad,"love hearing ğŸ§‘â€ğŸš€ happy always chose growth, gabriel. exploregraduate",19,181,7.571428571428571,0,4,"{'neg': 0.0, 'neu': 0.364, 'pos': 0.636, 'compound': 0.8885}",Positive
71,2022-11-11 06:57:16+00:00,explore_ai_acad,"@conallo3 hi conallo, great news! application extended close 18th november 2022.",17,111,5.166666666666667,0,0,"{'neg': 0.0, 'neu': 0.695, 'pos': 0.305, 'compound': 0.6588}",Positive
72,2022-11-10 11:16:06+00:00,explore_ai_acad,good news â° application 2023 engineering course extended close 18th november 2022. follow link apply now! applicationsopen,33,292,6.783783783783784,0,4,"{'neg': 0.0, 'neu': 0.825, 'pos': 0.175, 'compound': 0.4926}",Positive
73,2022-11-09 13:30:05+00:00,explore_ai_acad,ever wondered machine learning buzz about? ğŸ¤” machine learning (ml) describes software application learns pattern relationship us make predictions. without human intervention! machinelearning,36,300,6.868421052631579,0,3,"{'neg': 0.0, 'neu': 1.0, 'pos': 0.0, 'compound': 0.0}",Neutral
74,2022-11-08 12:10:27+00:00,Conallo3,"date changed, site say 16th",13,72,4.615384615384615,0,0,"{'neg': 0.0, 'neu': 1.0, 'pos': 0.0, 'compound': 0.0}",Neutral
75,2022-11-08 10:56:01+00:00,explore_ai_acad,waiting for? ğŸ’» start career tech le year. study engineering. follow link apply. datascientist dataengineer techmyths careerchanger techcareer,33,289,6.861111111111111,0,7,"{'neg': 0.0, 'neu': 1.0, 'pos': 0.0, 'compound': 0.0}",Neutral
76,2022-11-07 15:09:08+00:00,explore_ai_acad,ready next adventure? â° application 2023 engineering course close 2 follow link apply now!,27,247,6.870967741935484,0,3,"{'neg': 0.0, 'neu': 0.663, 'pos': 0.337, 'compound': 0.6239}",Positive
77,2022-11-02 11:55:02+00:00,explore_ai_acad,time take big step â° application engineering course click link apply. studyonline,27,253,7.064516129032258,0,4,"{'neg': 0.0, 'neu': 1.0, 'pos': 0.0, 'compound': 0.0}",Neutral
78,2022-10-30 19:28:56+00:00,ihakipharis,"@alx_africa also january cohort science, offer accelerator program learn pay later agreement",26,178,5.884615384615385,0,0,"{'neg': 0.096, 'neu': 0.685, 'pos': 0.219, 'compound': 0.4215}",Positive
79,2022-10-30 14:51:33+00:00,DevQuams,"looking forward becoming either scientist engineer, suitable time give adequate training, help land dream job. waiting for? grab opportunity now!!!",46,289,5.282608695652174,0,0,"{'neg': 0.0, 'neu': 0.609, 'pos': 0.391, 'compound': 0.851}",Positive
80,2022-10-28 10:36:01+00:00,explore_ai_acad,healthcare! ğŸ§‘â€âš•ï¸ used reduce common error healthcare? healthcare,22,200,6.96,0,4,"{'neg': 0.299, 'neu': 0.701, 'pos': 0.0, 'compound': -0.4574}",Negative
81,2022-10-27 19:42:34+00:00,MahlatsiMakhub3,thank,3,26,8.0,0,0,"{'neg': 0.0, 'neu': 0.0, 'pos': 1.0, 'compound': 0.3612}",Positive
82,2022-10-26 11:58:05+00:00,explore_ai_acad,"let's talk batch data! ğŸ’» batch refers set record collected defined time period, defined number record collected time period. bigdata batchdata",35,262,6.054054054054054,0,5,"{'neg': 0.0, 'neu': 0.923, 'pos': 0.077, 'compound': 0.1511}",Positive
83,2022-10-26 09:10:03+00:00,explore_ai_acad,"@mahlatsimakhub3 hi mahlatsi, starting application review selection process admission close. student expect feedback end december.",25,179,6.04,0,0,"{'neg': 0.0, 'neu': 1.0, 'pos': 0.0, 'compound': 0.0}",Neutral
84,2022-10-26 09:09:40+00:00,explore_ai_acad,"@mahlatsimakhub3 hi mahlatsi, starting application review selection process admission close. student expect feedback end december.",25,179,6.04,0,0,"{'neg': 0.0, 'neu': 1.0, 'pos': 0.0, 'compound': 0.0}",Neutral
85,2022-10-25 14:19:35+00:00,MahlatsiMakhub3,"hi, guy long take observe result",12,70,4.916666666666667,0,0,"{'neg': 0.0, 'neu': 1.0, 'pos': 0.0, 'compound': 0.0}",Neutral
86,2022-10-25 14:18:27+00:00,MahlatsiMakhub3,"@explore_ai hi, guy long take observe result test",12,81,5.833333333333333,0,0,"{'neg': 0.0, 'neu': 1.0, 'pos': 0.0, 'compound': 0.0}",Neutral
87,2022-10-25 09:13:01+00:00,explore_ai_acad,retail store assistant bi developer ğŸ§‘â€ğŸ’» kone completed course without prior tech experience currently working bi developer. click link apply.,34,295,6.684210526315789,0,3,"{'neg': 0.0, 'neu': 1.0, 'pos': 0.0, 'compound': 0.0}",Neutral
88,2022-10-25 04:51:27+00:00,Innovactionist,@datawithsuman thanks sharing. found learning pathway useful gain skills. @worldquantu .,20,138,6.2105263157894735,0,0,"{'neg': 0.0, 'neu': 0.333, 'pos': 0.667, 'compound': 0.9001}",Positive
89,2022-10-21 10:45:01+00:00,explore_ai_acad,"love hearing explorers! ğŸ§‘â€ğŸš€ get make impact, olasunkanmi. exploregraduate",18,177,7.8,0,4,"{'neg': 0.0, 'neu': 0.64, 'pos': 0.36, 'compound': 0.6696}",Positive
90,2022-10-20 09:42:01+00:00,explore_ai_acad,study engineering time ğŸ• busy? great. study part-time 15 hrs/week 12 months. busy? study 50 hrs/week 8 months*. click apply. studyonline,36,303,6.2682926829268295,0,4,"{'neg': 0.0, 'neu': 0.801, 'pos': 0.199, 'compound': 0.6662}",Positive
91,2022-10-19 19:15:43+00:00,MijanSoltic,"@thatjuanpablo hi juan, finished training couple month ago @explore_ai_acad. worked intern period three months. collaborated several machine learning project agriculture, tourism, energy,etc. check â€˜em",39,286,6.256410256410256,0,0,"{'neg': 0.0, 'neu': 1.0, 'pos': 0.0, 'compound': 0.0}",Neutral
92,2022-10-18 08:58:01+00:00,explore_ai_acad,letâ€™s talk visualisation ğŸ“Š visualisation help present large set make identifying trend much easier! visualisation tool use? datavisualisation,29,265,7.21875,0,4,"{'neg': 0.0, 'neu': 0.721, 'pos': 0.279, 'compound': 0.6996}",Positive
93,2022-10-14 10:21:01+00:00,explore_ai_acad,"study now, pay youâ€™re hired! ğŸ§‘â€ğŸ“ isa allows student study engineering without upfront costs. follow link information",30,273,6.9411764705882355,0,3,"{'neg': 0.096, 'neu': 0.904, 'pos': 0.0, 'compound': -0.1759}",Negative
94,2022-10-13 09:24:40+00:00,ITWeb,.@explore_ai_acad seek company partner academy. ai datascientists training careermoves artificialintelligence,16,179,9.588235294117647,0,6,"{'neg': 0.0, 'neu': 1.0, 'pos': 0.0, 'compound': 0.0}",Neutral
95,2022-10-12 11:38:01+00:00,explore_ai_acad,"meet luka! ğŸ§‘â€ğŸš€ master's statistic science, specialising extreme value theory machine learning, student learning best! question him? leave comment below. ğŸ’¬",40,293,5.767441860465116,0,2,"{'neg': 0.047, 'neu': 0.67, 'pos': 0.283, 'compound': 0.7896}",Positive
96,2022-10-11 09:13:01+00:00,explore_ai_acad,"big â€˜kudosâ€™ strava using large dataset make travelling safer accessible runners, pedestrians, cyclists! ğŸƒ datadaily strava datadaily",28,226,6.793103448275862,0,5,"{'neg': 0.0, 'neu': 0.829, 'pos': 0.171, 'compound': 0.4753}",Positive
97,2022-10-05 12:00:20+00:00,explore_ai_acad,calling creatives! ğŸ¨ considered career tech? techmyths,14,133,7.6,0,3,"{'neg': 0.0, 'neu': 1.0, 'pos': 0.0, 'compound': 0.0}",Neutral
98,2022-10-04 14:08:03+00:00,explore_ai_acad,"love hearing ğŸ§‘â€ğŸš€ congratulations, samuel, best exciting career ahead! exploregraduate",21,203,7.782608695652174,0,4,"{'neg': 0.0, 'neu': 0.275, 'pos': 0.725, 'compound': 0.9501}",Positive
99,2022-09-29 09:20:02+00:00,explore_ai_acad,donâ€™t worry tuition. weâ€™ve got covered ğŸ§‘â€ğŸ“ five payment option engineering courses. follow link see option work you.,34,291,6.578947368421052,0,3,"{'neg': 0.146, 'neu': 0.854, 'pos': 0.0, 'compound': -0.4404}",Negative
100,2022-09-28 18:36:41+00:00,explore_ai_acad,"@comfort_herslf hi mo, course require previous experience. let anything else help with.",24,147,4.615384615384615,0,0,"{'neg': 0.0, 'neu': 0.803, 'pos': 0.197, 'compound': 0.4019}",Positive
101,2022-09-28 04:53:07+00:00,Comfort_Herslf,hey. study course without background?,13,82,5.384615384615385,0,0,"{'neg': 0.0, 'neu': 1.0, 'pos': 0.0, 'compound': 0.0}",Neutral
102,2022-09-27 23:24:01+00:00,explore_ai_acad,calling aspiring engineers! ğŸ’» engineering course includes everything developing problem-solving skill working complex big data. follow link learn more. exploreyourfuture,29,302,7.794117647058823,0,3,"{'neg': 0.0, 'neu': 1.0, 'pos': 0.0, 'compound': 0.0}",Neutral
103,2022-09-27 10:12:01+00:00,explore_ai_acad,study science. future ğŸ’» application full-time part-time course open! follow link learn more. techcareer exploreyourfuture,27,275,7.774193548387097,0,5,"{'neg': 0.0, 'neu': 1.0, 'pos': 0.0, 'compound': 0.0}",Neutral
104,2022-09-26 13:57:02+00:00,explore_ai_acad,ready next adventure? â° admission 2023 engineering course open. follow link apply now!,25,238,7.103448275862069,0,3,"{'neg': 0.0, 'neu': 0.663, 'pos': 0.337, 'compound': 0.6239}",Positive
105,2022-09-22 12:27:01+00:00,explore_ai_acad,letâ€™s talk regression! ğŸ’» regression explains relationship two variables. predicts value dependent variable based two independent (explanatory) variables. machinelearning,33,288,7.411764705882353,0,4,"{'neg': 0.0, 'neu': 0.863, 'pos': 0.137, 'compound': 0.4003}",Positive
106,2022-09-21 12:24:01+00:00,explore_ai_acad,"tech support fraud analyst ğŸ’ª finishing course, rizqah found job fraud analyst. visit website information courses. acceleratorincomeshareagreement",32,279,6.914285714285715,0,4,"{'neg': 0.326, 'neu': 0.558, 'pos': 0.116, 'compound': -0.7096}",Negative
107,2022-09-20 08:55:01+00:00,explore_ai_acad,agriculture! ğŸ§‘â€ğŸŒ¾ used fight food scarcity informing decision reduce drought damage predict crop sizes? agriculture,30,255,6.696969696969697,0,4,"{'neg': 0.319, 'neu': 0.681, 'pos': 0.0, 'compound': -0.7263}",Negative
108,2022-09-15 09:36:01+00:00,explore_ai_acad,ai really work? ğŸ¤” artificial intelligence system programmed mimic human intelligence behaviour. think ai make life better? ai,32,250,6.085714285714285,0,4,"{'neg': 0.0, 'neu': 0.584, 'pos': 0.416, 'compound': 0.8746}",Positive
109,2022-09-14 12:44:01+00:00,explore_ai_acad,"exploreai academy? ğŸ’» equip student highest-quality learning material, need bring hunger learn!",25,208,6.666666666666667,0,3,"{'neg': 0.186, 'neu': 0.814, 'pos': 0.0, 'compound': -0.3164}",Negative
110,2022-09-13 13:52:02+00:00,explore_ai_acad,"love hearing explorers! ğŸ§‘â€ğŸš€ best future, jack.",16,148,7.166666666666667,0,3,"{'neg': 0.0, 'neu': 0.365, 'pos': 0.635, 'compound': 0.8655}",Positive
111,2022-09-09 09:43:11+00:00,MissKki,guy work spotify ??,7,45,5.571428571428571,0,0,"{'neg': 0.0, 'neu': 1.0, 'pos': 0.0, 'compound': 0.0}",Neutral
112,2022-09-09 08:10:01+00:00,explore_ai_acad,part everyday lives. recommender system algorithm use serve medium youâ€™re likely enjoy. thanks le â€˜skipsâ€™ â€˜repeatsâ€™. ğŸ§ spotify,37,279,5.925,0,4,"{'neg': 0.0, 'neu': 0.711, 'pos': 0.289, 'compound': 0.7269}",Positive
113,2022-09-07 12:16:01+00:00,explore_ai_acad,"meet megan! ğŸ§‘â€ğŸš€ megan using background business help exploreai, sheâ€™s spending time good book watching kid play sports. leave question comment below. ğŸ’¬",43,300,5.478260869565218,0,3,"{'neg': 0.044, 'neu': 0.655, 'pos': 0.302, 'compound': 0.7959}",Positive
114,2022-09-06 14:22:57+00:00,explore_ai_acad,studying enabled to:,6,36,5.166666666666667,0,0,"{'neg': 0.0, 'neu': 1.0, 'pos': 0.0, 'compound': 0.0}",Neutral
115,2022-09-05 13:22:02+00:00,explore_ai_acad,"thought ğŸ§‘â€ğŸš€ love hearing studentsâ€™ success happy part every journey! thank message, caleb tanko.",29,235,6.28125,0,3,"{'neg': 0.0, 'neu': 0.41, 'pos': 0.59, 'compound': 0.937}",Positive
116,2022-09-01 08:49:00+00:00,explore_ai_acad,degree? problem! ğŸ§‘â€ğŸ’» value student aptitude attitude. prior education experience required enrol courses. follow link bio information. techmyths,34,260,5.972972972972973,0,3,"{'neg': 0.14, 'neu': 0.748, 'pos': 0.112, 'compound': -0.1511}",Negative
117,2022-09-01 08:14:26+00:00,GirlCode_za,@lydiebug_xo @browndo87694031 @wethinkcode @umuziorg @hypdev thank mentionğŸ™ŒğŸ¾. please apply aws cloud practitioner program:,20,183,8.2,0,0,"{'neg': 0.0, 'neu': 0.696, 'pos': 0.304, 'compound': 0.5859}",Positive
118,2022-09-01 07:10:22+00:00,Browndo87694031,@lydiebug_xo @wethinkcode @umuziorg @hypdev @girlcode_za thank,8,83,9.5,0,0,"{'neg': 0.0, 'neu': 0.667, 'pos': 0.333, 'compound': 0.3612}",Positive
119,2022-08-31 13:28:01+00:00,explore_ai_acad,"solving complex problem requires strategic approach. ğŸ¤” insightful webinar jaco, curriculum director talk effective problem solving critical thinking. problemsolving",28,268,8.10344827586207,0,4,"{'neg': 0.279, 'neu': 0.435, 'pos': 0.286, 'compound': 0.0516}",Positive
120,2022-08-30 16:02:52+00:00,KininiAbigael,askedğŸ˜­ğŸ˜­ğŸ˜­ want askedğŸ˜­ğŸ˜­ğŸ˜­ i've way invested ğŸ˜­ğŸ˜­ğŸ˜­,16,90,4.6875,0,0,"{'neg': 0.0, 'neu': 0.822, 'pos': 0.178, 'compound': 0.0772}",Positive
121,2022-08-30 14:57:01+00:00,explore_ai_acad,"weâ€™re celebrating woman tech! ğŸ‘©â€ğŸ’» asked think entering tech industry woman. joanne, exploreai academy graduate turned head admissions, talk breaking norms.",36,273,5.897435897435898,0,1,"{'neg': 0.0, 'neu': 0.834, 'pos': 0.166, 'compound': 0.6114}",Positive
122,2022-08-26 11:18:07+00:00,explore_ai_acad,preferred cloud technology?â˜ï¸ let comment ğŸ’¬,13,77,4.571428571428571,0,0,"{'neg': 0.0, 'neu': 1.0, 'pos': 0.0, 'compound': 0.0}",Neutral
123,2022-08-26 07:31:24+00:00,SteveO_Codes,"anyone capetown studying related skill like python, sql, aws ? would great connect partner journey. currently studying next year.",34,215,5.352941176470588,0,5,"{'neg': 0.0, 'neu': 0.708, 'pos': 0.292, 'compound': 0.765}",Positive
124,2022-08-25 12:46:01+00:00,explore_ai_acad,"youâ€™re studying, want learn industry experts. youâ€™re hiring, want find experienced professionals. industry expert keep course content date, ensuring student market-ready relevant skills. ğŸ§‘â€ğŸ“",38,297,6.219512195121951,0,1,"{'neg': 0.0, 'neu': 0.817, 'pos': 0.183, 'compound': 0.4019}",Positive
125,2022-08-25 08:21:07+00:00,explore_ai_acad,@steveo_codes excited onboard ğŸš€ best year ahead!,18,85,4.25,0,0,"{'neg': 0.0, 'neu': 0.367, 'pos': 0.633, 'compound': 0.784}",Positive
126,2022-08-24 17:57:17+00:00,SteveO_Codes,i'd like caryn tip current de student explore. really important concept focus make sure stand start looking jobs? ğŸš€ğŸ‘¨â€ğŸš€,43,225,4.255813953488372,0,0,"{'neg': 0.0, 'neu': 0.699, 'pos': 0.301, 'compound': 0.7089}",Positive
127,2022-08-24 17:33:22+00:00,SteveO_Codes,"recently started studying cpt, sa. plan use twitter document learn build go journey, dedicating year learning. 100daysofcode codenewbie python",37,241,5.315789473684211,0,4,"{'neg': 0.0, 'neu': 1.0, 'pos': 0.0, 'compound': 0.0}",Neutral
128,2022-08-24 12:53:13+00:00,explore_ai_acad,"explore academy nowâ€¦exploreai academy! new brand, life-changing engineering courses. follow link detail refreshed identity @explore_ai .",31,236,6.40625,0,0,"{'neg': 0.0, 'neu': 1.0, 'pos': 0.0, 'compound': 0.0}",Neutral
129,2022-08-22 13:17:01+00:00,explore_ai_acad,"meettheexplorersğŸ‘©â€ğŸš€ explore ai team member, caryn, studied academy working engineer. question herâ” let comment ğŸ’¬ datascientist exploreai meettheteam",30,264,6.081081081081081,0,5,"{'neg': 0.0, 'neu': 1.0, 'pos': 0.0, 'compound': 0.0}",Neutral
130,2022-08-19 10:16:01+00:00,explore_ai_acad,solve week's problem? comment answer. ğŸ’¬ problemsolving,12,136,8.066666666666666,0,3,"{'neg': 0.318, 'neu': 0.471, 'pos': 0.212, 'compound': -0.2263}",Negative
131,2022-08-18 12:46:04+00:00,explore_ai_acad,business use etl pipeline gather clean storing database. ğŸ“Š establishes consistency improves quality. used identify trend improve quality services.,42,299,5.906976744186046,0,2,"{'neg': 0.0, 'neu': 0.641, 'pos': 0.359, 'compound': 0.8126}",Positive
132,2022-08-16 08:23:07+00:00,explore_ai_acad,"celebrating woman tech!ğŸ‘©â€ğŸ’» asked think entering tech industry woman. loved internship coordinator, zintle, said following passion â€œdoing scared!â€ womensmonth womenintech",38,298,6.375,0,3,"{'neg': 0.0, 'neu': 0.603, 'pos': 0.397, 'compound': 0.9039}",Positive
133,2022-08-15 13:05:02+00:00,explore_ai_acad,"word explorers! ğŸ‘¨â€ğŸš€ explore academy, believe quality education supportive environment encourage student live full potential become industry experts. thanks great message, darlington maposa.",38,279,6.102564102564102,0,0,"{'neg': 0.0, 'neu': 0.598, 'pos': 0.402, 'compound': 0.9151}",Positive
134,2022-08-12 12:15:09+00:00,explore_ai_acad,weekâ€™s term batch data. ğŸ“– keen learn more? head website information engineering course. termoftheweek techskills elearning batchdata,29,262,7.419354838709677,0,6,"{'neg': 0.0, 'neu': 0.857, 'pos': 0.143, 'compound': 0.3612}",Positive
135,2022-08-11 08:48:01+00:00,explore_ai_acad,meettheexplorers ğŸ‘©â€ğŸš€ maryam one course facilitator ğŸ“ question her? let comment ğŸ’¬ exploreteam teacher techteacher coursefacilitator,31,256,6.696969696969697,0,7,"{'neg': 0.0, 'neu': 1.0, 'pos': 0.0, 'compound': 0.0}",Neutral
136,2022-08-09 09:44:01+00:00,explore_ai_acad,"growth like that. scary. explore, encourage growth, acknowledge born trying circumstances. seek thing scare you, also likely experience growth ğŸŒ± seekfear women's month. happy womensday!",42,285,5.454545454545454,0,2,"{'neg': 0.16, 'neu': 0.4, 'pos': 0.44, 'compound': 0.8805}",Positive
137,2022-08-08 09:30:32+00:00,explore_ai_acad,"scientist, following use often role? techskills",18,125,5.578947368421052,0,3,"{'neg': 0.0, 'neu': 1.0, 'pos': 0.0, 'compound': 0.0}",Neutral
138,2022-08-05 08:23:04+00:00,explore_ai_acad,streamingdata refers continuously generated source system consumed target system near real-time. ingested transformed near real-time analytics written processing manipulation. exploredatascienceacademy techpost,39,304,6.82051282051282,0,3,"{'neg': 0.099, 'neu': 0.901, 'pos': 0.0, 'compound': -0.296}",Negative
139,2022-08-04 17:46:03+00:00,explore_ai_acad,"there's question rapidly growing field, 15% 22% professional women. article, author share great career choice women. womenintech techcareers",40,302,6.365853658536586,0,5,"{'neg': 0.0, 'neu': 0.652, 'pos': 0.348, 'compound': 0.7906}",Positive
140,2022-08-03 10:55:01+00:00,explore_ai_acad,meettheexplorers ğŸ‘©â€ğŸš€ paulinah administrator campus coordinator part student success support team. question her? let comment ğŸ’¬ meettheteam studentsuccess administrator,36,291,6.552631578947368,0,6,"{'neg': 0.0, 'neu': 0.714, 'pos': 0.286, 'compound': 0.7506}",Positive
141,2022-08-02 08:04:01+00:00,explore_ai_acad,time week ğŸ‘ solve problem? comment answer ğŸ’¬ solvetheproblem problemsolving weeklyproblem,21,191,7.217391304347826,0,5,"{'neg': 0.235, 'neu': 0.609, 'pos': 0.157, 'compound': -0.2263}",Negative
142,2022-08-01 10:06:01+00:00,explore_ai_acad,"ada lovelace, first computer scientist, hedy lamarr, inventor wireless communication. history shown innovation led womenintech shaped still impact world today. womensmonth adalovelace hedylamarr",36,301,7.135135135135135,0,6,"{'neg': 0.0, 'neu': 0.894, 'pos': 0.106, 'compound': 0.3818}",Positive
143,2022-07-29 08:27:05+00:00,explore_ai_acad,batch set record collected defined time. batch stored single place collected sent target destination processing. exploredatascienceacademy batchdata techskills,41,292,6.097560975609756,0,4,"{'neg': 0.0, 'neu': 1.0, 'pos': 0.0, 'compound': 0.0}",Neutral
144,2022-07-28 15:04:40+00:00,explore_ai_acad,top 5 skill always need science. think there's something missing list? share thought comments. exploredatascienceacademy datascientist skill,27,192,6.0,0,3,"{'neg': 0.115, 'neu': 0.677, 'pos': 0.208, 'compound': 0.2023}",Positive
145,2022-07-28 09:03:01+00:00,explore_ai_acad,term week streaming data. ğŸ“– want more? look website information engineering course. exploredatascienceacademy termoftheweek techskills elearning streamingdata,34,284,7.264705882352941,0,6,"{'neg': 0.0, 'neu': 0.92, 'pos': 0.08, 'compound': 0.0772}",Positive
146,2022-07-27 13:09:01+00:00,explore_ai_acad,"meettheexplorers ğŸ‘¨ğŸ½â€ğŸš€ explore ai team member, blessing, scientist happy contribute growth explore. question himâ” datascientist exploreai meettheteam",30,250,6.515151515151516,0,5,"{'neg': 0.0, 'neu': 0.596, 'pos': 0.404, 'compound': 0.8591}",Positive
147,2022-07-27 07:54:58+00:00,explore_ai_acad,dataquality datainsights bigdata datagovernance artificial_intelligence,5,76,14.4,0,5,"{'neg': 0.0, 'neu': 1.0, 'pos': 0.0, 'compound': 0.0}",Neutral
148,2022-07-26 08:08:01+00:00,explore_ai_acad,time solve week's problem. ğŸ‘ comment answer ğŸ’¬ solvetheproblem problemsolving weeklyproblem,17,171,8.38888888888889,0,5,"{'neg': 0.235, 'neu': 0.609, 'pos': 0.157, 'compound': -0.2263}",Negative
149,2022-07-25 06:40:59+00:00,explore_ai_acad,"@abigaelkinini muzi: typical day involves following, - corresponding students, mostly help course content. - planning giving webinars. - internal meetings. - listening lofi music ğŸ™‚",29,211,5.363636363636363,0,0,"{'neg': 0.0, 'neu': 0.779, 'pos': 0.221, 'compound': 0.6249}",Positive
150,2022-07-25 06:39:44+00:00,explore_ai_acad,"@abigaelkinini andile's day life: look calendar, see 2 hour free. plan random activity hour. work really hard till task done. happy dance. saying, ""i love job"" end day.",38,208,4.358974358974359,0,0,"{'neg': 0.047, 'neu': 0.641, 'pos': 0.312, 'compound': 0.8887}",Positive
151,2022-07-22 08:24:01+00:00,explore_ai_acad,"article, author introduces engineering perspective hierarchy needs, break etl elt pipeline are, touch involvement warehouses.",38,291,6.631578947368421,0,2,"{'neg': 0.0, 'neu': 1.0, 'pos': 0.0, 'compound': 0.0}",Neutral
152,2022-07-21 17:22:02+00:00,explore_ai_acad,"meet ğŸ‘¨â€ğŸš€ goal expert facilitator ensure you, student, progress smoothly course. would like learn daily tasks? comment below. ğŸ‘‡",36,271,5.923076923076923,0,3,"{'neg': 0.0, 'neu': 0.655, 'pos': 0.345, 'compound': 0.7845}",Positive
153,2022-07-20 11:24:01+00:00,explore_ai_acad,"meet ğŸ‘¨â€ğŸš€ becoming expert python, sql, databases, in out big doesnâ€™t happen overnight. head teacher hand throughout course help guide you. exploreteam techteacher",41,292,6.097560975609756,0,5,"{'neg': 0.0, 'neu': 0.781, 'pos': 0.219, 'compound': 0.7096}",Positive
154,2022-07-19 06:52:57+00:00,explore_ai_acad,@maposa_d thank darlington.,4,31,7.0,0,0,"{'neg': 0.0, 'neu': 0.444, 'pos': 0.556, 'compound': 0.3612}",Positive
155,2022-07-19 06:43:56+00:00,explore_ai_acad,@abigaelkinini geeking webb's satellite imagery ğŸ¤©.,10,73,6.4,0,0,"{'neg': 0.0, 'neu': 1.0, 'pos': 0.0, 'compound': 0.0}",Neutral
156,2022-07-19 06:20:40+00:00,explore_ai_acad,@marvel_ero that's explore way. ğŸ‘,6,37,5.333333333333333,0,0,"{'neg': 0.0, 'neu': 1.0, 'pos': 0.0, 'compound': 0.0}",Neutral
157,2022-07-18 11:10:01+00:00,explore_ai_acad,happy nelson mandela day. education exploredatascienceacademy,7,88,11.571428571428571,0,2,"{'neg': 0.0, 'neu': 0.575, 'pos': 0.425, 'compound': 0.5719}",Positive
158,2022-07-15 18:30:07+00:00,explore_ai_acad,"comprehensive guide @techtarget explains is, works, important organisations. innovation",22,207,8.363636363636363,0,3,"{'neg': 0.0, 'neu': 0.484, 'pos': 0.516, 'compound': 0.6597}",Positive
159,2022-07-14 17:26:02+00:00,explore_ai_acad,"meet ğŸ‘¨â€ğŸš€ facilitator problem solvers, skilled communicators, python experts, go-to academic support system. question trevor, maryam, nomfundo, john, claudia, elizabeth, gabe, chad? teamexplore",37,293,6.783783783783784,0,3,"{'neg': 0.102, 'neu': 0.795, 'pos': 0.102, 'compound': 0.0}",Neutral
160,2022-07-14 11:21:45+00:00,explore_ai_acad,"@abigaelkinini abigael, thank continuously engaging exploreğŸ˜€.",9,74,7.333333333333333,0,0,"{'neg': 0.0, 'neu': 0.449, 'pos': 0.551, 'compound': 0.5994}",Positive
161,2022-07-14 11:16:25+00:00,explore_ai_acad,zintle - here's linkedin profile,7,59,7.571428571428571,0,0,"{'neg': 0.0, 'neu': 1.0, 'pos': 0.0, 'compound': 0.0}",Neutral
162,2022-07-14 11:16:25+00:00,explore_ai_acad,"zintle - getting tech world intimidating first, especially came biology background everyone felt like belong did. realised good felt le intimidated became easier space.",52,276,4.326923076923077,0,0,"{'neg': 0.181, 'neu': 0.562, 'pos': 0.256, 'compound': 0.34}",Positive
163,2022-07-14 11:16:24+00:00,explore_ai_acad,"nolwazi - case can't say hard, come stem background (mathematics). already accustomed similar environment. yes mentor.",30,158,4.3,0,0,"{'neg': 0.0, 'neu': 0.765, 'pos': 0.235, 'compound': 0.4581}",Positive
164,2022-07-14 11:16:23+00:00,explore_ai_acad,@abigaelkinini raisa - navigating tech environment surprisingly easy - depends diversity working environment. offer mentorship student intern explore.,30,198,5.566666666666666,0,0,"{'neg': 0.0, 'neu': 0.733, 'pos': 0.267, 'compound': 0.6249}",Positive
165,2022-07-13 12:46:12+00:00,explore_ai_acad,keep eye next puzzle @solidstreams,10,73,6.4,0,0,"{'neg': 0.0, 'neu': 1.0, 'pos': 0.0, 'compound': 0.0}",Neutral
166,2022-07-13 11:25:01+00:00,explore_ai_acad,"meet ğŸ‘¨â€ğŸš€ head teacher far typical tech nerds. yes, theyâ€™re experts, itâ€™s personality attitude got hired. question okello, zintle, reo, james, nolwazi, raisa chris?",41,279,5.488372093023256,0,2,"{'neg': 0.0, 'neu': 0.895, 'pos': 0.105, 'compound': 0.4019}",Positive
167,2022-07-11 12:57:01+00:00,explore_ai_acad,"welcome future explorers, part revolution! pleased board look forward new frontier. thank choosing explore provider life-changing skills. infinity beyond! ğŸš€ jointherevolution",43,280,5.222222222222222,0,1,"{'neg': 0.0, 'neu': 0.654, 'pos': 0.346, 'compound': 0.8395}",Positive
168,2022-07-08 18:28:01+00:00,explore_ai_acad,"clustering, association dimensionality reduction three unsupervised learning methods. look visual see one technique works. machinelearning unsupervisedlearning techskills upskill 4ir",35,298,7.485714285714286,0,7,"{'neg': 0.0, 'neu': 1.0, 'pos': 0.0, 'compound': 0.0}",Neutral
169,2022-07-08 14:28:00+00:00,explore_ai_acad,"ğŸ¥³congratulations. @ifunanya082, @abdul_afeez99 @solidstreams @a_druza",7,97,13.0,0,0,"{'neg': 0.0, 'neu': 1.0, 'pos': 0.0, 'compound': 0.0}",Neutral
170,2022-07-07 17:41:01+00:00,explore_ai_acad,"unsupervised learning used? almost every part life contains form unsupervised learning, even social media. machinelearning unsupervisedlearning techskills elearning 4ir",28,257,8.142857142857142,0,7,"{'neg': 0.0, 'neu': 1.0, 'pos': 0.0, 'compound': 0.0}",Neutral
171,2022-07-06 11:02:01+00:00,explore_ai_acad,meet ğŸ‘¨â€ğŸš€ kieran voice video content also marketing manager academy. question him? let comment ğŸ’¬ marketingmanager thevoice explorer,43,273,5.536585365853658,0,4,"{'neg': 0.0, 'neu': 1.0, 'pos': 0.0, 'compound': 0.0}",Neutral
172,2022-07-05 08:30:02+00:00,explore_ai_acad,foundation good scientist excellent problem solver. keep eye weekly problem see fast solve it. remember comment answer. ğŸ’¬ solvetheproblem problemsolving,42,291,5.857142857142857,0,4,"{'neg': 0.194, 'neu': 0.504, 'pos': 0.302, 'compound': 0.4588}",Positive
173,2022-07-04 13:15:04+00:00,explore_ai_acad,"student starting final chapter learning week, unsupervised learning. algorithm find pattern group without supervision humans. think netflix machinelearning techskills elearning 4ir netflix",35,301,7.361111111111111,0,7,"{'neg': 0.0, 'neu': 1.0, 'pos': 0.0, 'compound': 0.0}",Neutral
174,2022-07-01 10:14:01+00:00,explore_ai_acad,answer is? comment let ğŸ’¬ problemsolving solvetheproblem,17,136,6.882352941176471,0,3,"{'neg': 0.0, 'neu': 1.0, 'pos': 0.0, 'compound': 0.0}",Neutral
175,2022-06-30 12:09:01+00:00,explore_ai_acad,explore open-source project using following links: 1. coronavirus tweet nlp - text classification: 2. source-based fake news classification: 3. spam text message classification: kaggle,28,301,8.375,0,1,"{'neg': 0.211, 'neu': 0.789, 'pos': 0.0, 'compound': -0.6808}",Negative
176,2022-06-29 14:13:01+00:00,explore_ai_acad,online community help navigate world forum collaboration. participating challenge help build repository experience show potential employers. dataanalytics kaggle zindi,38,304,6.794871794871795,0,5,"{'neg': 0.0, 'neu': 0.705, 'pos': 0.295, 'compound': 0.6908}",Positive
177,2022-06-28 08:28:01+00:00,explore_ai_acad,classification problem found almost sphere life. example classification used. dataanalytics ml machinelearning ai upskill elearning 4ir,32,266,7.0606060606060606,0,10,"{'neg': 0.153, 'neu': 0.847, 'pos': 0.0, 'compound': -0.4019}",Negative
178,2022-06-27 13:11:01+00:00,explore_ai_acad,skill tool need machine learning engineer? comment let think other. datascientist machinelearningengineer skill upskill techskills tool mathematics programming statistic problemsolving 4ir,37,303,6.973684210526316,0,12,"{'neg': 0.0, 'neu': 1.0, 'pos': 0.0, 'compound': 0.0}",Neutral
179,2022-06-24 12:33:45+00:00,explore_ai_acad,"@abigaelkinini 2. yes, practice important. keeping coding muscle active imperative! field dynamic, also important keep date latest methods.",33,196,4.96969696969697,0,0,"{'neg': 0.0, 'neu': 0.522, 'pos': 0.478, 'compound': 0.8718}",Positive
180,2022-06-24 12:32:41+00:00,explore_ai_acad,"@abigaelkinini 1. intern moment, since i've started explore. looking forward taking future.",26,143,4.538461538461538,0,0,"{'neg': 0.0, 'neu': 1.0, 'pos': 0.0, 'compound': 0.0}",Neutral
181,2022-06-24 08:44:26+00:00,explore_ai_acad,"what's favourite way learning new skill help work building portfolio? method listed, leave answer comments. techskills upskill elearning",32,201,5.03030303030303,0,3,"{'neg': 0.06, 'neu': 0.804, 'pos': 0.136, 'compound': 0.3612}",Positive
182,2022-06-23 09:57:01+00:00,explore_ai_acad,meet ğŸ‘©â€ğŸš€ raisa one course facilitators. question her? let comment ğŸ’¬ exploreteam teacher techteacher coursefacilitator,31,254,6.4411764705882355,0,6,"{'neg': 0.0, 'neu': 1.0, 'pos': 0.0, 'compound': 0.0}",Neutral
183,2022-06-22 11:18:01+00:00,explore_ai_acad,statistical metric use test performance classification model? machinelearning classification statistic techskills upskill elearning 4ir ai,25,234,8.32,0,10,"{'neg': 0.0, 'neu': 1.0, 'pos': 0.0, 'compound': 0.0}",Neutral
184,2022-06-21 14:25:02+00:00,explore_ai_acad,important always test models. confirm best possible model accurately describing underlying dataset. dataanalytics ml machinelearning ai upskill elearning 4ir,37,300,6.894736842105263,0,10,"{'neg': 0.0, 'neu': 0.739, 'pos': 0.261, 'compound': 0.7184}",Positive
185,2022-06-20 13:12:01+00:00,explore_ai_acad,exist multiple classification model address categorisation machine learning. basic model learn get good grasp classification models. dataanalytics ml machinelearning,36,303,7.1891891891891895,0,6,"{'neg': 0.0, 'neu': 0.861, 'pos': 0.139, 'compound': 0.4404}",Positive
186,2022-06-17 13:45:03+00:00,explore_ai_acad,skill tool need engineer? comment let think other. dataengineer skill upskill techskills tool mathematics programming statistic problemsolving 4ir,35,265,6.361111111111111,0,11,"{'neg': 0.0, 'neu': 1.0, 'pos': 0.0, 'compound': 0.0}",Neutral
187,2022-06-16 12:05:02+00:00,explore_ai_acad,"binary classification deal fall one two categories, whereas multi-class classification deal fit one multiple category available. dataanalytics ml machinelearning",35,301,7.361111111111111,0,6,"{'neg': 0.0, 'neu': 0.878, 'pos': 0.122, 'compound': 0.3612}",Positive
188,2022-06-15 11:19:01+00:00,explore_ai_acad,classification problem subset machine learning problem attempt categorise specific classes. dataanalytics ml machinelearning ai upskill elearning 4ir,29,265,8.10344827586207,0,10,"{'neg': 0.265, 'neu': 0.735, 'pos': 0.0, 'compound': -0.6597}",Negative
189,2022-06-14 12:17:01+00:00,explore_ai_acad,career relate process? ğŸ’» course equip right skill follow career paths. enrol - datascientist dataengineer dataanalyst machinelearningengineer techcareer,36,303,7.108108108108108,0,6,"{'neg': 0.0, 'neu': 1.0, 'pos': 0.0, 'compound': 0.0}",Neutral
190,2022-06-13 12:57:01+00:00,explore_ai_acad,meet ğŸ‘©â€ğŸš€ zintle one head teachers. question her? let comment ğŸ’¬ exploreteam teacher techteacher,32,232,5.9393939393939394,0,5,"{'neg': 0.0, 'neu': 1.0, 'pos': 0.0, 'compound': 0.0}",Neutral
191,2022-06-10 10:13:03+00:00,explore_ai_acad,"take regression eda one step python statsmodels library? statsmodels simple summary function provides many metrics, including coefficient table. read here: eda",37,297,6.589743589743589,0,2,"{'neg': 0.0, 'neu': 1.0, 'pos': 0.0, 'compound': 0.0}",Neutral
192,2022-06-09 14:27:02+00:00,explore_ai_acad,regression model good? use statistics! dataanalytics ml machinelearning regression upskill elearning 4ir,24,220,7.8,0,10,"{'neg': 0.0, 'neu': 0.775, 'pos': 0.225, 'compound': 0.4926}",Positive
193,2022-06-08 16:41:01+00:00,explore_ai_acad,"simple linear regression easily implemented python using sklearn statsmodels libraries. valuable library include numpy, pandas, matplotlib. dataanalytics ml machinelearning regression upskill 4ir",31,301,8.40625,0,9,"{'neg': 0.0, 'neu': 0.784, 'pos': 0.216, 'compound': 0.6705}",Positive
194,2022-06-07 18:29:01+00:00,explore_ai_acad,choose appropriate regression model based type variable relationships. eda (exploratory analysis) give information make decision. dataanalytics machinelearning,36,300,7.305555555555555,0,5,"{'neg': 0.0, 'neu': 1.0, 'pos': 0.0, 'compound': 0.0}",Neutral
195,2022-06-07 10:02:01+00:00,explore_ai_acad,there's le one week left apply! âŒ› waiting for? enrol - dataanalytics upskill techskills elearning techcareers enrolnow,27,254,7.964285714285714,0,9,"{'neg': 0.0, 'neu': 1.0, 'pos': 0.0, 'compound': 0.0}",Neutral
196,2022-06-06 08:50:01+00:00,explore_ai_acad,"want study engineering, busy schedule can't full-time. worry not! we're offering part-time engineering course, start date 11 july 2022! ğŸ‘¨â€ğŸ’» enrol -",39,254,5.487179487179487,0,0,"{'neg': 0.0, 'neu': 0.816, 'pos': 0.184, 'compound': 0.509}",Positive
197,2022-06-03 11:47:01+00:00,explore_ai_acad,skill tool need analyst? comment let think other. dataanalyst skill upskill techskills tool mathematics programming statistic problemsolving 4ir,35,263,6.305555555555555,0,11,"{'neg': 0.0, 'neu': 1.0, 'pos': 0.0, 'compound': 0.0}",Neutral
198,2022-06-01 19:19:01+00:00,explore_ai_acad,machine learning programming. mathematics statistic play vital role choose build models. dataanalytics ml machinelearning upskill elearning 4ir,30,263,7.483870967741935,0,9,"{'neg': 0.0, 'neu': 0.765, 'pos': 0.235, 'compound': 0.5574}",Positive
199,2022-05-31 18:25:01+00:00,explore_ai_acad,machine learning (ml) subset paradigm increasingly becoming part daily lives. tell ml influenced life recently. dataanalytics ml machinelearning upskill elearning 4ir,35,296,6.972972972972973,0,9,"{'neg': 0.0, 'neu': 1.0, 'pos': 0.0, 'compound': 0.0}",Neutral
