,Date,Username,Location,Tweet,Sentiment
0,2023-03-11 06:15:11+00:00,Dante_Manda,,@explore_ai_acad I will. Thank you.,Positive
1,2023-03-09 12:22:03+00:00,explore_ai_acad,South Africa,@Dante_Manda Applications for the July 2023 cohort will open in mid-April. Keep an eye on our social media accounts for updates and announcements.,Neutral
2,2023-03-09 09:10:46+00:00,Dante_Manda,,@explore_ai_acad When are applications opening?,Neutral
3,2023-03-08 14:41:39+00:00,Mr__Nwankwo,Trenches,@explore_ai_acad Beautiful and interactive space.,Positive
4,2023-03-07 13:47:56+00:00,_techbarbie_,"Lagos, Nigeria","@alx_africa Please can anyone here answer this question. For the Data Science program will it be like  the Software Engineering program where there is a task to do everyday? 
@explore_ai @explore_ai_acad",Neutral
5,2023-03-06 17:03:28+00:00,Ndaruga2,global ,@alx_africa The link on @explore_ai_acad is corrupted,Negative
6,2023-03-06 11:58:25+00:00,explore_ai_acad,South Africa,"Join us tonight at 7pm EAT for a Twitter space with ExploreAI data experts in partnership with ALX, as they dive into the exciting world of data and discuss cutting-edge courses.

https://t.co/55YV2M5iLB

#ExploreAIAcademy #ALXAfrica #Data #DataScience #DataAnalytics",Neutral
7,2023-03-03 15:58:00+00:00,explore_ai_acad,South Africa,"We are excited to announce our partnership with @alx_africa, the African education powerhouse, to train 25,000 Africans in the dynamic fields of #datascience and #dataanalytics.

Read more about it here: https://t.co/sq5m9PTKld",Positive
8,2023-03-02 07:49:14+00:00,tech_financials,South Africa,SA Startup ExploreAI Academy Partners With ALX To Train 25 000 African Data Scientists https://t.co/XfAzqBKOxc #DataScience @explore_ai_acad #africa #DigitalEconomy,Positive
9,2023-02-15 10:10:02+00:00,wethinkcode,South Africa,"Calling all coders â¬‡ï¸â¬‡ï¸â¬‡ï¸ 

@explore_ai_acad @UmuziOrg @GirlCode_za @Geekulcha @codejika @CodeSpaceZA @Code4ChangeSA @CodeHubAfrica @project_codeX",Neutral
10,2023-01-19 11:00:58+00:00,explore_ai_acad,South Africa,@Grace_DOTA Please contact our delivery team at academy@explore.ai and they'll be able to help you with Athena.,Neutral
11,2023-01-18 07:44:07+00:00,Grace_DOTA,"Lagos, Nigeria",@explore_ai_acad I'm currently having a technical issue and I'm unable to login back to Athena since Monday on 16th. It keeps giving error message https://t.co/GPW0n1hUNC,Negative
12,2023-01-16 16:43:39+00:00,georgekcharles,,@explore_ai_acad Can I swap from data science to data engineering,Neutral
13,2023-01-16 16:40:52+00:00,georgekcharles,,@explore_ai_acad I have not gotten acceptance letter and the program starts today,Negative
14,2023-01-16 13:29:15+00:00,MissKki,,"@explore_ai_acad They won't regret,  I am enjoying every second  of being at Explore.",Positive
15,2023-01-16 13:25:05+00:00,explore_ai_acad,South Africa,"Welcome class of 2023 ğŸš€ 

To all students joining our 2023 cohort, we wish you the very best for the journey ahead!

We canâ€™t wait to see you in class ğŸ‘¨â€ğŸ’»

#ExploreAIAcademy #DataScientist #DataEngineer #WelcomeStudents #ClassOf2023 #StudyOnline https://t.co/mAcFwBu4S4",Positive
16,2023-01-16 12:02:06+00:00,explore_ai_acad,South Africa,"â€œAlexa, how can tech help make lives better?â€ ğŸ”Š

Alexa, Amazon's virtual assistant, uses natural language processing to understand and respond to human speech and carry out tasks based on voice commands.

#ExploreAIAcademy #Amazon
#NaturalLanguageProcessing
#VirtualAssistant https://t.co/PYsfAvtwYU",Neutral
17,2023-01-13 11:12:41+00:00,tanashatheone,,@explore_ai_acad Hi ğŸ‘‹. Do you receive an email if you didnâ€™t get the scholarship?,Neutral
18,2023-01-13 09:48:05+00:00,explore_ai_acad,South Africa,"Last chance to applyâ°

Applications for our self-funded #DataScience and #DataEngineering courses close on January 15, 2023.

Follow the link to learn more about our flexible payment options.
https://t.co/SVTXomD8F6

#TuitionOptions #PayAsYouLearn #StudyOnline #CareerDevelopment https://t.co/CURZztfrHi",Neutral
19,2023-01-12 17:29:05+00:00,explore_ai_acad,South Africa,"Congratulations to our giveaway winners!

We wish you the very best for the year ahead! ğŸ’ª

#ExploreAIAcademy
 #DataScience
 #DataEngineering
 #Education
 #GiveAway
 #Competition https://t.co/z1vATea1uO",Positive
20,2023-01-11 13:34:05+00:00,explore_ai_acad,South Africa,"Meet Jade! ğŸ§‘â€ğŸš€

Jade's years of experience in management, starting a business, and passion for technology and human resources make her an excellent placement administrator.

Leave any questions for Jade in the comments below ğŸ’¬

#ExploreAIAcademy #DataScience
#JobPlacement https://t.co/sCPgDkKzu8",Neutral
21,2023-01-10 10:30:08+00:00,explore_ai_acad,South Africa,"Why do we use data modelling? ğŸ’» 

Data modelling helps us understand how data are organised. It is an effective tool for analysing and working with large amounts of data.

#ExploreAIAcademy #DataScience #DataEngineering
#DataModelling
#DataAnalysis https://t.co/gj7On9eUZC",Neutral
22,2023-01-08 16:29:06+00:00,to_olx,"Johannesburg, South Africa","@Mokhele_K @explore_ai_acad is also another great one but not necessarily for Software Engineers, it's more Ai/ML and Data Science stuff.",Positive
23,2023-01-06 05:19:47+00:00,Thaabo,Giyani,"@explore_ai_acad I can't proceed with my application anymore due to an incomplete application. Sent you an email, but no response after so many daysğŸ’”",Negative
24,2023-01-05 10:44:05+00:00,explore_ai_acad,South Africa,"Is AI replacing tech jobs? ğŸ¤–

AI and automation are not replacing jobs, but rather making tasks easier and more efficient. This allows people to focus on more creative and complex work.

#ExploreAIAcademy
#ArtificialIntelligence
#TechMyths
#Automation
#TechIndustry
#FutureOfWork https://t.co/C3Z5ti4hvw",Neutral
25,2023-01-05 08:59:58+00:00,mphoee19,South Africa,"@explore_ai_acad Hi ğŸ‘‹ğŸ¾,  just wanted to find out if the scholarship intakes are done or if theyâ€™re still happening, I got an email saying I have been shortlisted. I also applied for the program that allows me to pay after getting a job just in case i didnâ€™t get the scholarship. Thanks",Neutral
26,2023-01-04 13:36:00+00:00,explore_ai_acad,South Africa,"Expert Explorers ğŸ§‘â€ğŸ’»

In this Masterclass, Damien shares tips and suggestions on how to sell your product.

Click the link below to learn more.
https://t.co/PNDavQLj2Y

#ExploreAIAcademy #ExploreAI #Masterclass
#ProfessionalDevelopment
#SoftSkills
#Presenting",Neutral
27,2023-01-03 16:39:06+00:00,explore_ai_acad,South Africa,"We love hearing from our Explorers! ğŸ§‘â€ğŸš€

Thank you for sharing your journey with us, Clara.

#ExploreAIAcademy #DataScience #DataEngineering #ExploreAIGraduate
#Testimonials
#SuccessStories https://t.co/Ka0BRe5n0K",Positive
28,2022-12-26 23:02:11+00:00,nizalbenneth,nigeria,"@explore_ai_acad Hi Matt, I am also trying to change my career path from academia to tech. I had my msc in parasitology and public health and I want to start a new career in data science. How do I go about it?",Neutral
29,2022-12-26 12:06:05+00:00,explore_ai_acad,South Africa,"Thoughts from Explorers ğŸ§‘â€ğŸš€

We are as proud as you are, Mwenda.

#ExploreAIAcademy #DataScience #DataEngineering https://t.co/qCuBP5lB12",Positive
30,2022-12-22 10:26:05+00:00,explore_ai_acad,South Africa,"We love seeing our Explorers excel ğŸš€ 

Thank you for sharing your journey with us, Kolawole.

#ExploreAIAcademy #DataScientist #DataEngineering
#StudentPlacement https://t.co/KRqARLS9ai",Positive
31,2022-12-20 13:50:06+00:00,explore_ai_acad,South Africa,"We love hearing from our Explorers ğŸ§‘â€ğŸš€

We are really proud of all your hard work, Yinka.

#ExploreAIAcademy #DataScience #DataEngineering #ExploreGraduate https://t.co/zx0JxJfHNt",Positive
32,2022-12-19 15:30:16+00:00,explore_ai_acad,South Africa,"Data science in travel âœˆï¸

Did you know that data science is used to optimise the tourism industry and keep travellers safe?

Where will you be travelling to this holiday season? ğŸ—ºï¸ 

#ExploreAIAcademy #DataScience #DataEngineering
#Travel https://t.co/NsOS3nuiPs",Neutral
33,2022-12-19 14:25:46+00:00,mphoee19,South Africa,"@explore_ai_acad Hi ğŸ‘‹ğŸ¾,  just wanted to find out if the scholarship intakes are done or if theyâ€™re still happening, I got an email saying I have been shortlisted. Thanks",Positive
34,2022-12-18 20:32:15+00:00,ke_nna_Faith,Footy Twitter,@explore_ai_acad ğŸ˜­ğŸ¤²ğŸ¿ğŸ™ğŸ¿,Positive
35,2022-12-17 20:16:43+00:00,Its_nueLX,Database,@stevomtrue @Dayo_Ajisco @paulabartabajo_ @TyrellDowner @explore_ai_acad Thanks broğŸ˜Š..more to come!!,Positive
36,2022-12-17 20:03:46+00:00,stevomtrue,Kenya ,@Its_nueLX @Dayo_Ajisco @paulabartabajo_ @TyrellDowner @explore_ai_acad I am enjoying following this project. Good job,Positive
37,2022-12-16 16:37:25+00:00,Iam__Fibonacci,,@explore_ai_acad i would like to get more info about this..,Neutral
38,2022-12-16 11:06:05+00:00,explore_ai_acad,South Africa,"Thanks to Sonyâ€™s AI system that analyses a player's unique style, gamers are able to play like never before ğŸ®

#ExploreAIAcademy
#DataScience
#DataDaily #Sony
#AI #Gaming https://t.co/kK0XXBmVBF",Neutral
39,2022-12-15 10:44:05+00:00,explore_ai_acad,South Africa,"Unsupervised machine learning explained ğŸ’»

Unsupervised learning is a branch of machine learning in which computers learn to find patterns and a structure in large datasets without human guidance.

#ExploreAIAcademy #MachineLearning 
#UnsupervisedLearning
#ClusterAnalysis https://t.co/ZuwsmWzhBf",Neutral
40,2022-12-14 11:43:08+00:00,Biz_IT,South Africa,Data science bursaries up for grabs through ExploreAI Academy competition @explore_ai_acad https://t.co/qJerMZPBPQ via @Biz_Education #datascience #bursary,Positive
41,2022-12-14 11:43:07+00:00,Biz_Education,South Africa,Data science bursaries up for grabs through ExploreAI Academy competition @explore_ai_acad https://t.co/JDC8PqVhLS via @Biz_Education #datascience #bursary,Positive
42,2022-12-14 11:43:07+00:00,Bizcommunity,South Africa,Data science bursaries up for grabs through ExploreAI Academy competition @explore_ai_acad https://t.co/ytCZdedmbb via @Biz_Education #datascience #bursary,Positive
43,2022-12-13 10:48:05+00:00,explore_ai_acad,South Africa,"Meet Matt! ğŸ§‘â€ğŸš€

Matt got his first job in #DataScience in 2020, after spending several years working in academia as a biological sciences lecturer.

Do you have any questions for him? Leave them in the comments below ğŸ’¬

#ExploreAIAcademy #DataEngineer #DigitalSolutions https://t.co/e78rDRGFxo",Positive
44,2022-12-12 12:49:14+00:00,explore_ai_acad,South Africa,"@vehiclespot_ng Hi, 

We are busy reviewing applications and applicants will get feedback before the end of December 2022.",Neutral
45,2022-12-10 08:16:45+00:00,vehiclespot_ng,,@explore_ai_acad Are you guys done with shortlisting because some of us haven't received congratulation email,Negative
46,2022-12-08 16:41:04+00:00,RaveEx12,,@explore_ai_acad thank you for the privilege to learn under your tutorship. I know there is much work to do but am happy I got through,Positive
47,2022-12-08 10:23:05+00:00,explore_ai_acad,South Africa,"Donâ€™t let tuition hold you back ğŸ§‘â€ğŸ“

Time to start that career in tech!

Follow the link below to get started
https://t.co/CEkHeWWu6n

#ExploreAIAcademy
#DataScientist
#DataEngineer
#TechMyths
#StudyOnline https://t.co/JoadJiFhH4",Neutral
48,2022-12-07 13:12:05+00:00,explore_ai_acad,South Africa,"Ready for that dream job? ğŸ’¼ 

Our Career Services programme helps graduates to land their dream job. We help with CV preparation, writing a good cover letter, and creating a unique portfolio.

#ExploreAIAcademy #DataScientist #DataEngineer #CareerServices #TechJob https://t.co/fTKiHKNhhW",Positive
49,2022-12-07 12:07:54+00:00,SWAN_forum,"West Sussex, England",Welcome to the newest SWAN Members! @southeastwater @MMSD_MKE @Envirosuite_Ltd @shaypwater @explore_ai_acad @Gradiant_Corp @SavoniaAMK #Waltero View the entire flock: https://t.co/qN8Q89GFEP #smartwater #smartwaternetworks https://t.co/smsIoIylnV,Positive
50,2022-12-06 10:50:00+00:00,explore_ai_acad,South Africa,"Inspiring Explorers ğŸš€

#Throwback to one of our favourite #ChooseGrowth sessions with ExploreAI data scientist, Jonathan Gerrand.

Follow the link below to learn about machine learning in healthcare.

https://t.co/cB0Y84RwTc

#ExploreAIAcademy
#Healthcare
#MachineLearning",Positive
51,2022-12-05 18:39:24+00:00,MahlatsiMakhub3,"Pretoria, South Africa",@explore_ai_acad It is end of December yet to reserve feedback,Negative
52,2022-12-01 10:56:05+00:00,explore_ai_acad,South Africa,"We love hearing from our Explorers! ğŸ§‘â€ğŸš€

All the best in your future endeavours, Okon.

#ExploreAIAcademy #DataScience #DataEngineering #ExploreGraduate https://t.co/wb6rkTW4td",Positive
53,2022-12-01 06:43:50+00:00,Innovactionist,Still lost in translation,"@explore_ai_acad Would have loved to join, unfortunately ğŸ˜ https://t.co/iQ2tVYixj2",Negative
54,2022-11-30 21:29:15+00:00,MahlatsiMakhub3,"Pretoria, South Africa",@explore_ai_acad Okay I hope I win,Positive
55,2022-11-30 13:27:05+00:00,explore_ai_acad,South Africa,"Win a course in data science or data engineering worth R70,000!

To enter, use the form at this link. Complete the various actions to gain more entries. The winners will be the three people with the most entries when the competition closes ğŸ†

https://t.co/nFnmLevtOw https://t.co/eDQyMn3lWB",Positive
56,2022-11-30 04:18:08+00:00,Innovactionist,Still lost in translation,@explore_ai_acad ğŸ‘‚,Positive
57,2022-11-29 11:17:05+00:00,explore_ai_acad,South Africa,"Ever heard about how education changes lives? ğŸ“ 

Weâ€™re giving away bursaries to three lucky winners. The competition opens on Wed 30th November. Keep your eyes peeled! https://t.co/nNNwxX6wOf",Positive
58,2022-11-28 15:20:08+00:00,explore_ai_acad,South Africa,"Let's talk streaming data ğŸ’»

Streaming data refers to any type of data that is produced continuously, in real time. It's used in a variety of ways, from processing video and audio to monitoring sensors and other devices.

#ExploreAIAcademy #TechSkills
#BigData
#DataAnalystics https://t.co/C4v11PEqR9",Neutral
59,2022-11-24 08:00:22+00:00,explore_ai_acad,South Africa,"Congratulations to these ExplorerAI Academy alumni on their outstanding results achieved at BRICS Future Skills Challenge 2022, where 15 South African students received medals ğŸš€

More here:
https://t.co/bQV4G8OcPQ

#ExploreAIAcademy #BRICS #DataScience https://t.co/Y822ifpp9E",Positive
60,2022-11-23 13:26:05+00:00,explore_ai_acad,South Africa,"A career in tech doesnâ€™t limit your options, it expands your opportunities ğŸ’ª

#ExploreAIAcademy
#DataScience
#TechMyths https://t.co/Brp1UCfrbk",Neutral
61,2022-11-22 15:15:06+00:00,Iam__Fibonacci,,@explore_ai_acad Thats really cool,Positive
62,2022-11-22 11:34:28+00:00,adekunlearmani,"Lagos, Nigeria",@explore_ai_acad ğŸˆ¸,Positive
63,2022-11-22 10:58:05+00:00,explore_ai_acad,South Africa,"Data science in music! ğŸ§

Thanks to data science, artists and music producers can expose their music to more people who are likely to enjoy it.

#ExploreAIAcademy #DataScience #DataEngineering
#Music https://t.co/C67euQ4mWd",Positive
64,2022-11-18 20:39:29+00:00,Iam__Fibonacci,,@explore_ai_acad are now paying Data Eng students a monthly stipend to study Data EngğŸ˜‹.Crazy,Positive
65,2022-11-18 11:25:05+00:00,explore_ai_acad,South Africa,"We love hearing from our Explorers! ğŸ§‘â€ğŸš€

Weâ€™re happy to be part of your story, Adeh.

#ExploreAIAcademy #DataScience #DataEngineering #ExploreGraduate https://t.co/sC8tsJD7Hh",Positive
66,2022-11-17 11:21:05+00:00,explore_ai_acad,South Africa,"From working in sales to junior data scientist ğŸš€ 

Hard work pays off.
Congratulations on your exciting new career, Thembinkosi.

#ExploreAIAcademy #DataScience #DataEngineering
#CareerChange https://t.co/P5kBsDq55t",Positive
67,2022-11-16 13:30:10+00:00,explore_ai_acad,South Africa,"Getting paid to study? ğŸ¤” Yes, please.

Apply for our Data Engineering Scholarship and receive a monthly stipend while studying.

Hurry up, applications close at midnight on Friday 18 November.

https://t.co/TU3bLCteEv

#ExploreAIAcademy #DataEngineering #Scholarship https://t.co/mUElmi9Yhk",Positive
68,2022-11-15 11:15:06+00:00,explore_ai_acad,South Africa,"Uber uses driver and user data to keep rides safe and affordable ğŸš•

#ExploreAIAcademy
#DataScience
#DataDaily #Uber https://t.co/LmvKoecx4a",Neutral
69,2022-11-14 13:10:06+00:00,explore_ai_acad,South Africa,"Meet Nolwazi! ğŸ§‘â€ğŸš€

Nolwazi holds a master's degree in Pure Mathematics and a postgraduate diploma in machine learning, making her a great asset to our Academy!

Do you have any questions for her? Leave them in the comments below ğŸ’¬

#ExploreAIAcademy #DataScience #DataEngineer https://t.co/aYAB6Bwi0T",Neutral
70,2022-11-14 10:48:03+00:00,mphoee19,South Africa,@explore_ai_acad Thank you ğŸ™ğŸ¾,Positive
71,2022-11-14 10:42:55+00:00,explore_ai_acad,South Africa,"@mphoee19 Hi Mpho,

Please contact our admissions team via admissions@explore.ai and they will happily assist you.",Positive
72,2022-11-14 05:49:01+00:00,mphoee19,South Africa,"@explore_ai_acad Hello, just wanted to find out about the email with instructions on the interview video. Does the email come immediately after completing the assessments (if you qualify) or does it take time? I completed the assessments last week.",Neutral
73,2022-11-11 20:29:57+00:00,Iam__Fibonacci,,"@explore_ai_acad Hello Gabi, I really enjoyed your choose growth sessions.Pass greetings to ZintleğŸ˜‰",Positive
74,2022-11-11 10:10:06+00:00,explore_ai_acad,South Africa,"We love hearing from our Explorers ğŸ§‘â€ğŸš€

We are happy that you always chose growth, Gabriel.

#ExploreAIAcademy #DataScience #DataEngineering #ExploreGraduate https://t.co/Xy2ixIfpHO",Positive
75,2022-11-11 06:57:16+00:00,explore_ai_acad,South Africa,"@Conallo3 Hi Conallo,

Great news! Applications have been extended and will close on the 18th of November 2022.",Positive
76,2022-11-10 11:16:06+00:00,explore_ai_acad,South Africa,"Good news â°

Applications for our 2023 data science and data engineering courses have been extended and will close on the 18th of November 2022.

Follow the link to apply now!

https://t.co/VluIvS544b

#ExploreAIAcademy #DataScience #DataEngineering 
#ApplicationsOpen https://t.co/mJVeIZHbgG",Positive
77,2022-11-09 13:30:05+00:00,explore_ai_acad,South Africa,"Ever wondered what the machine learning buzz is about? ğŸ¤”

Machine learning (ML) describes how a software application learns patterns and relationships from data and uses them to make predictions. All without human intervention!

#ExploreAIAcademy #DataScience #MachineLearning https://t.co/LiV1QJLArq",Neutral
78,2022-11-08 12:10:27+00:00,Conallo3, South Africa,"@explore_ai_acad has the date been changed, on the site it says the 16th",Neutral
79,2022-11-08 10:56:01+00:00,explore_ai_acad,South Africa,"What are you waiting for?  ğŸ’»

Start a career in tech in less than a year. Study data science or data engineering.

Follow the link to apply.

https://t.co/VluIvS544b

#ExploreAIAcademy #DataScientist #DataEngineer
#TechMyths #CareerChanger  #TechTalent 
#TechCareer https://t.co/q2wnJU4yhk",Neutral
80,2022-11-07 15:09:08+00:00,explore_ai_acad,South Africa,"Ready for your next adventure? â°

Applications for our 2023 data science and data engineering courses close in 2 days.

Follow the link to apply now!

https://t.co/VluIvS544b

#ExploreAIAcademy #DataScience #DataEngineering https://t.co/4mFC2yQvso",Neutral
81,2022-11-02 11:55:02+00:00,explore_ai_acad,South Africa,"Time to take that big step â°

Applications for our data science and data engineering courses are closing soon.

Click the link below to apply.

https://t.co/VluIvS544b

#ExploreAIAcademy #DataScience #DataEngineering #StudyOnline https://t.co/INEKk0GqXX",Neutral
82,2022-10-30 19:28:56+00:00,ihakipharis,Danger Zone,"@SharonJebitok @alx_africa @explore_ai_acad are also recruiting for the January cohort in data science, they offer an accelerator program with a learn now and pay later agreement",Positive
83,2022-10-30 14:51:33+00:00,DevQuams,,"If you're looking forward in becoming either a data scientist or a data engineer, @explore_ai_acad is the most suitable of all time which will give you adequate training, and then help you land your dream job. What are you waiting for?
 Grab your opportunity now!!! https://t.co/CxOd14Hbq0",Positive
84,2022-10-28 10:36:01+00:00,explore_ai_acad,South Africa,"Data science in healthcare! ğŸ§‘â€âš•ï¸

Did you know that data science can be used to reduce common errors in healthcare?

#ExploreAIAcademy #DataScience #DataEngineering
#Healthcare https://t.co/tDviy9N8vr",Neutral
85,2022-10-27 19:42:34+00:00,MahlatsiMakhub3,"Pretoria, South Africa",@explore_ai_acad Thank you,Positive
86,2022-10-26 11:58:05+00:00,explore_ai_acad,South Africa,"Let's talk batch data! ğŸ’»

Batch data refers to a set of data records collected over a defined time period, or a defined number of records collected over any time period.

#ExploreAIAcademy #DataScience #DataEngineering #BigData #BatchData https://t.co/UMnAtQQIrt",Neutral
87,2022-10-26 09:10:03+00:00,explore_ai_acad,South Africa,"@MahlatsiMakhub3 Hi Mahlatsi, 

We will be starting the application review and selection process after admissions close. 

Students can expect feedback before the end of December.",Neutral
88,2022-10-26 09:09:40+00:00,explore_ai_acad,South Africa,"@MahlatsiMakhub3 Hi Mahlatsi, 

We will be starting the application review and selection process after admissions close. 

Students can expect feedback before the end of December.",Neutral
89,2022-10-25 14:19:35+00:00,MahlatsiMakhub3,"Pretoria, South Africa","@explore_ai_acad Hi, guys how long does it take to observe the results",Neutral
90,2022-10-25 14:18:27+00:00,MahlatsiMakhub3,"Pretoria, South Africa","@explore_ai_acad @explore_ai Hi, guys how long does take observe results for test",Neutral
91,2022-10-25 09:13:01+00:00,explore_ai_acad,South Africa,"From retail store assistant to BI developer ğŸ§‘â€ğŸ’»

Kone completed our data science course without any prior tech experience and is currently working as a BI developer.

Click the link below to apply.

https://t.co/VluIvS544b

#ExploreAIAcademy #DataScience #DataEngineering https://t.co/dhPv1pJwix",Positive
92,2022-10-25 04:51:27+00:00,Innovactionist,Still lost in translation,"@datawithsuman Thanks for sharing. I found these learning pathways very useful to gain those skills.  
@worldquantu and @explore_ai_acad .",Positive
93,2022-10-21 10:45:01+00:00,explore_ai_acad,South Africa,"We love hearing from our Explorers! ğŸ§‘â€ğŸš€

Get out there and make an impact, Olasunkanmi.

#ExploreAIAcademy #DataScience #DataEngineering #ExploreGraduate https://t.co/Fd0PJk4mKZ",Positive
94,2022-10-20 09:42:01+00:00,explore_ai_acad,South Africa,"Study data science or data engineering in your own time ğŸ•

Are you busy? Great. 
Study part-time at 15 hrs/week for 12 months.

Not busy? Study 50 hrs/week for 8 months*.

Click here to apply.

https://t.co/VluIvS5BTJ

#ExploreAIAcademy #DataScience #DataEngineering #StudyOnline https://t.co/R6Avl1OTyG",Neutral
95,2022-10-19 19:15:43+00:00,MijanSoltic,Nigeria,"@thatjuanpablo Hi Juan, Finished my Data Science Training a couple months ago  @explore_ai_acad. Worked as a Data Science Intern for a period of three months. 

Collaborated on several Machine Learning projects in Agriculture, Tourism, Energy,etc.
Check â€˜em out 
https://t.co/3UM1YpnhA2",Positive
96,2022-10-18 08:58:01+00:00,explore_ai_acad,South Africa,"Letâ€™s talk data visualisation ğŸ“Š

Data visualisation helps us present large sets of data and makes identifying trends much easier!

Which data visualisation tools do you use?

#ExploreAIAcademy #DataScience #DataEngineering #DataVisualisation https://t.co/kPSIRG60sn",Neutral
97,2022-10-14 10:21:01+00:00,explore_ai_acad,South Africa,"Study now, pay when youâ€™re hired! ğŸ§‘â€ğŸ“

Our ISA allows students to study data science or data engineering without any upfront costs.

Follow the link below for more information

https://t.co/4eO47qJRgO

#ExploreAIAcademy #DataScience #DataEngineering https://t.co/56fTjsO5Q6",Neutral
98,2022-10-13 09:24:40+00:00,ITWeb,,".@explore_ai_acad seeks companies to partner with the data science academy. #DataScience #AI #DataScientists #training #CareerMoves #ArtificialIntelligence
https://t.co/ZaygrWxlkD",Positive
99,2022-10-12 11:38:01+00:00,explore_ai_acad,South Africa,"Meet Luka! ğŸ§‘â€ğŸš€

With his master's in statistics and data science, specialising in extreme value theory and machine learning, our students are learning from the best!

Do you have any questions for him? Leave them in the comments below. ğŸ’¬

#ExploreAIAcademy #DataScience https://t.co/SlbkVnWnUF",Neutral
100,2022-10-11 09:13:01+00:00,explore_ai_acad,South Africa,"A big â€˜kudosâ€™ to Strava for using their large dataset to make travelling safer and more accessible for runners, pedestrians, and cyclists! ğŸƒ

#ExploreAIAcademy #DataScience #DataDaily #Strava #DataDaily https://t.co/SwLn9oVAjN",Positive
101,2022-10-05 12:00:20+00:00,explore_ai_acad,South Africa,"Calling all creatives! ğŸ¨

Have you considered a career in tech? 

#ExploreAIAcademy
 #DataScience
 #TechMyths https://t.co/2LhvVYr7Bt",Neutral
102,2022-10-04 14:08:03+00:00,explore_ai_acad,South Africa,"We love hearing from our Explorers ğŸ§‘â€ğŸš€

Congratulations, Samuel, and all the best for your exciting career ahead!

#ExploreAIAcademy #DataScience #DataEngineering #ExploreGraduate https://t.co/kCH504EVfK",Positive
103,2022-09-29 09:20:02+00:00,explore_ai_acad,South Africa,"Donâ€™t worry about tuition. Weâ€™ve got you covered ğŸ§‘â€ğŸ“

There are five payment options for our data science and data engineering courses.

Follow the link below to see which option works for you.

https://t.co/VluIvS544b

#ExploreAIAcademy #DataScience #DataEngineering https://t.co/OOgj5lL69j",Neutral
104,2022-09-28 18:36:41+00:00,explore_ai_acad,South Africa,"@Comfort_Herslf Hi Mo,

Our course doesn't require any previous IT or data experience.

Let us know if there is anything else we can help you with.",Positive
105,2022-09-28 04:53:07+00:00,Comfort_Herslf,,@explore_ai_acad Hey. Can you study this course without any IT or Data background?,Neutral
106,2022-09-27 23:24:01+00:00,explore_ai_acad,South Africa,"Calling all aspiring data engineers! ğŸ’»

Our data engineering course includes everything from developing problem-solving skills to working with complex big data.

Follow the link below to learn more.

https://t.co/VluIvS544b

#ExploreAIAcademy #DataEngineering
#ExploreYourFuture https://t.co/HD36yQPbHO",Neutral
107,2022-09-27 10:12:01+00:00,explore_ai_acad,South Africa,"Study data science. Own your future ğŸ’»

Applications for our full-time and part-time data science courses are open!

Follow the link to learn more.

https://t.co/VluIvS544b

#ExploreAIAcademy #DataEngineering #DataScience #TechCareer #ExploreYourFuture https://t.co/vW4Jpx7vX3",Neutral
108,2022-09-26 13:57:02+00:00,explore_ai_acad,South Africa,"Ready for your next adventure? â°

Admissions for our 2023 data science and data engineering courses are open.

Follow the link to apply now!

https://t.co/uLqwlRKafd

#ExploreAIAcademy #DataScience #DataEngineering https://t.co/kVcwTgDE7X",Neutral
109,2022-09-22 12:27:01+00:00,explore_ai_acad,South Africa,"Letâ€™s talk regression!  ğŸ’»

Regression explains the relationship between two or more variables. It predicts the value of a dependent variable based on two or more independent (explanatory) variables.

#ExploreAIAcademy #DataScience #DataEngineering #MachineLearning https://t.co/koNIWQTX3s",Neutral
110,2022-09-21 12:24:01+00:00,explore_ai_acad,South Africa,"From tech support to fraud analyst ğŸ’ª

After finishing our data science course, Rizqah found a job as a fraud analyst.

Visit our website for more information on our courses.

#ExploreAIAcademy #DataScience #DataEngineering #AcceleratorIncomeShareAgreement https://t.co/b0CN05KPIx",Positive
111,2022-09-20 08:55:01+00:00,explore_ai_acad,South Africa,"Data science in agriculture! ğŸ§‘â€ğŸŒ¾

Did you know data science can be used to fight food scarcity by informing decisions which reduce drought damage and predict crop sizes?

#ExploreAIAcademy #DataScience #DataEngineering
#Agriculture https://t.co/Bkk5ekndxu",Neutral
112,2022-09-15 09:36:01+00:00,explore_ai_acad,South Africa,"How does AI really work? ğŸ¤”

Artificial intelligence is a system that is programmed to mimic human intelligence and behaviour.

How do you think AI can make our lives better?

#ExploreAIAcademy #DataScience #DataEngineering #AI https://t.co/61iwfhSMhQ",Neutral
113,2022-09-14 12:44:01+00:00,explore_ai_acad,South Africa,"Why ExploreAI Academy? ğŸ’»

We equip our students with the highest-quality learning material, all you need to bring is a hunger to learn!

#ExploreAIAcademy #DataScience #DataEngineering https://t.co/P8wZPxQvGa",Neutral
114,2022-09-13 13:52:02+00:00,explore_ai_acad,South Africa,"We love hearing from our Explorers! ğŸ§‘â€ğŸš€

All the best for the future, Jack.

#ExploreAIAcademy #DataScience #DataEngineering https://t.co/6YZN8R3eRq",Positive
115,2022-09-09 09:43:11+00:00,MissKki,,@explore_ai_acad Do guys work with Spotify ??,Neutral
116,2022-09-09 08:10:01+00:00,explore_ai_acad,South Africa,"Data science is part of our everyday lives.

Recommender system algorithms use data to serve you up media that youâ€™re likely to enjoy.

Thanks to data we can have less â€˜skipsâ€™ and more â€˜repeatsâ€™. ğŸ§

#ExploreAIAcademy #DataScience #DataEngineering #Spotify https://t.co/6kK42bleCf",Neutral
117,2022-09-07 12:16:01+00:00,explore_ai_acad,South Africa,"Meet Megan! ğŸ§‘â€ğŸš€

When Megan is not using her background in science and business to help us at ExploreAI, sheâ€™s spending time on a good book or watching her kids play sports.

Leave any questions for her in the comments below. ğŸ’¬

#ExploreAIAcademy #DataScience #DataEngineering https://t.co/ee0mXiR0aT",Positive
118,2022-09-06 14:22:57+00:00,explore_ai_acad,South Africa,Studying data science enabled me to:,Neutral
119,2022-09-05 13:22:02+00:00,explore_ai_acad,South Africa,"Thoughts from Explorers ğŸ§‘â€ğŸš€

We love hearing about our studentsâ€™ successes and we are happy to be part of every journey!

Thank you for your message, Caleb Tanko.

#ExploreAIAcademy #DataScience #DataEngineering https://t.co/LFO2WC2NCu",Positive
120,2022-09-01 08:49:00+00:00,explore_ai_acad,South Africa,"No degree? No problem! ğŸ§‘â€ğŸ’»

We value students with aptitude and attitude. No prior education or experience is required to enrol in our courses.

Follow the link in our bio for more information.

#ExploreAIAcademy #DataScience #TechMyths https://t.co/H2jfThAdDs",Neutral
121,2022-09-01 08:14:26+00:00,GirlCode_za,Africa,@Lydiebug_xo @Browndo87694031 @wethinkcode @UmuziOrg @HypDev @explore_ai_acad Thank you for the mentionğŸ™ŒğŸ¾. Please apply for the AWS cloud practitioner program: https://t.co/F6vx7qKRr8,Positive
122,2022-09-01 07:10:22+00:00,Browndo87694031,,@Lydiebug_xo @wethinkcode @UmuziOrg @HypDev @explore_ai_acad @GirlCode_za Thank You,Positive
123,2022-08-31 13:28:01+00:00,explore_ai_acad,South Africa,"Solving complex problems requires a strategic approach. ğŸ¤”

In this insightful webinar Jaco, our Curriculum Director talks about effective problem solving and critical thinking.

#ExploreAIAcademy #DataScience  #DataEngineering #ProblemSolving 

https://t.co/KNiEmJHVzl",Neutral
124,2022-08-30 16:02:52+00:00,KininiAbigael,Kenya,@explore_ai_acad No I wasn't askedğŸ˜­ğŸ˜­ğŸ˜­ I want to be askedğŸ˜­ğŸ˜­ğŸ˜­ I've been way too invested ğŸ˜­ğŸ˜­ğŸ˜­,Negative
125,2022-08-30 14:57:01+00:00,explore_ai_acad,South Africa,"Weâ€™re celebrating our very own women in tech! ğŸ‘©â€ğŸ’»

We asked our Explorers what they think about entering the tech industry as a woman.

Joanne, an ExploreAI Academy graduate turned Head of Admissions, talks about breaking norms.

#ExploreAIAcademy 

https://t.co/FgGyC0xqFy",Neutral
126,2022-08-26 11:18:07+00:00,explore_ai_acad,South Africa,"Which is your preferred cloud technology?â˜ï¸
Let us know why in the comments ğŸ’¬",Neutral
127,2022-08-26 07:31:24+00:00,SteveO_Codes,Cape Town,"Anyone in #CapeTown studying #dataengineering or related skills like #Python, #SQL, #AWS ? Would be great to connect and partner up on the journey. I am currently studying through @explore_ai_acad for the next year.",Positive
128,2022-08-25 12:46:01+00:00,explore_ai_acad,South Africa,"When youâ€™re studying, you want to learn from industry experts.
When youâ€™re hiring, you want to find experienced professionals.

Our industry experts keep our course content up to date, ensuring our students are market-ready with relevant data skills. ğŸ§‘â€ğŸ“

#ExploreAIAcademy https://t.co/SYeZVKshAA",Neutral
129,2022-08-25 08:21:07+00:00,explore_ai_acad,South Africa,@SteveO_Codes We are excited to have you onboard ğŸš€   All the best for the year ahead!,Positive
130,2022-08-24 17:57:17+00:00,SteveO_Codes,Cape Town,@explore_ai_acad I'd like to know if Caryn has any tips for current DE students at EXPLORE. What are some really important concepts to focus on and what can we do to make sure we stand out when we start looking for jobs? ğŸš€ğŸ‘¨â€ğŸš€,Positive
131,2022-08-24 17:33:22+00:00,SteveO_Codes,Cape Town,"I recently started studying #dataengineering with @explore_ai_acad here in CPT, SA. 
I plan to use my Twitter to document what I learn and build as I go through this journey, dedicating a year to learning.

#100DaysOfCode #CodeNewbie #Python",Positive
132,2022-08-24 12:53:13+00:00,explore_ai_acad,South Africa,"EXPLORE Data Science Academy is nowâ€¦ExploreAI Academy! New brand, same life-changing data science and data engineering courses. Follow the link below for more details about our refreshed identity as @explore_ai .
https://t.co/8aMpaa2IqQ",Positive
133,2022-08-22 13:17:01+00:00,explore_ai_acad,South Africa,"#MeetTheExplorersğŸ‘©â€ğŸš€

EXPLORE AI team member, Caryn, studied at our Academy and is now working as a data engineer.

Do you have any questions for herâ”
Let us know in the comments ğŸ’¬

#ExploreDataScience
#DataScientist
#ExploreAI
#MeetTheTeam https://t.co/85FWcnfYmx",Positive
134,2022-08-19 10:16:01+00:00,explore_ai_acad,South Africa,"Can you solve this week's problem? Comment with your answer. ğŸ’¬

#ExploreDataScience
#DataScience
#ProblemSolving https://t.co/eZ4g3nbBoE",Neutral
135,2022-08-18 12:46:04+00:00,explore_ai_acad,South Africa,"Businesses use ETL pipelines to gather and clean the data before storing it in a database. ğŸ“Š 

This establishes consistency and improves the data quality. These data can then be used to identify trends or improve the quality of services.

#ExploreDataScience #DataEngineering https://t.co/QRJ0QheYjZ",Neutral
136,2022-08-16 08:23:07+00:00,explore_ai_acad,South Africa,"Celebrating our women in tech!ğŸ‘©â€ğŸ’» 

We asked our Explorers what they think about entering the tech industry as a woman.

We loved what our Internship Coordinator, Zintle, said about following your passion and â€œDoing it scared!â€

#ExploreDataScience #WomensMonth #WomenInTech https://t.co/rGTGYBvzSM",Positive
137,2022-08-15 13:05:02+00:00,explore_ai_acad,South Africa,"Words from Explorers! ğŸ‘¨â€ğŸš€ 

At Explore Data Science Academy, we believe quality education and a supportive environment encourage our students to live up to their full potential and become industry experts.

Thanks for the great message, Darlington Maposa. https://t.co/QMrMl79TFb",Positive
138,2022-08-12 12:15:09+00:00,explore_ai_acad,South Africa,"This weekâ€™s term is Batch Data. ğŸ“–

Keen to learn more? Head over to our website for information on our Data Engineering course. https://t.co/M4JdGHkpVx

#ExploreDataScience #DataEngineering #TermOfTheWeek #TechSkills #Elearning #BatchData https://t.co/eVduqLAtz9",Neutral
139,2022-08-11 08:48:01+00:00,explore_ai_acad,South Africa,"#MeetTheExplorers ğŸ‘©â€ğŸš€
Maryam is one of our data science course facilitators ğŸ“ 

Do you have any questions for her? Let us know in the comments ğŸ’¬

#ExploreDataScience #ExploreTeam #DataScience #Teacher #TechTeacher #CourseFacilitator https://t.co/Ouw71hWkcz",Neutral
140,2022-08-09 09:44:01+00:00,explore_ai_acad,South Africa,"Growth is like that. It's scary.

At Explore, we encourage growth, and we acknowledge that it is born out of trying circumstances. Seek out the things that scare you, and you're also likely to experience growth ğŸŒ±

#SeekFear this Women's Month. Happy #WomensDay! https://t.co/mr0Jk8TASj",Positive
141,2022-08-08 09:30:32+00:00,explore_ai_acad,South Africa,"As a data scientist, which of the following do you use most often in your role?

#ExploreDataScience #DataScience #TechSkills",Neutral
142,2022-08-05 08:23:04+00:00,explore_ai_acad,South Africa,#StreamingData refers to data continuously generated by a source system and consumed by a target system in near real-time. The ingested data are then transformed for near real-time analytics and written for further processing and manipulation. #ExploreDataScienceAcademy #TechPost https://t.co/d0wVHuVpZ1,Neutral
143,2022-08-04 17:46:03+00:00,explore_ai_acad,South Africa,"There's no question that #DataScience is a rapidly growing field, but only 15% to 22% of data professionals are women. In this article, the author shares why data science is a great career choice for #women. https://t.co/Tuvz1eO0Re

#ExploreDataScience #WomenInTech #TechCareers https://t.co/yN0ZdexkXW",Neutral
144,2022-08-03 10:55:01+00:00,explore_ai_acad,South Africa,"#MeetTheExplorers ğŸ‘©â€ğŸš€

Paulinah is our administrator and campus coordinator and a part of the student success support team. 

Do you have any questions for her? 
Let us know in the comments ğŸ’¬

#ExploreDataScience #MeetTheTeam #Explorers #StudentSuccess #Administrator https://t.co/HFFK7YJJG9",Neutral
145,2022-08-02 08:04:01+00:00,explore_ai_acad,South Africa,"It's that time of the week ğŸ‘

Can you solve this problem?
Comment with your answer ğŸ’¬ 

#ExploreDataScience #DataScience #SolveTheProblem #ProblemSolving #WeeklyProblem https://t.co/Kjk9BNb1fM",Neutral
146,2022-08-01 10:06:01+00:00,explore_ai_acad,South Africa,"From Ada Lovelace, the first computer scientist, to Hedy Lamarr, the inventor of wireless communication. History has shown that innovations led by #WomenInTech have shaped and still impact our world today.

#ExploreDataScience #DataScience #WomensMonth #AdaLovelace #HedyLamarr https://t.co/3a0bg0DvnE",Positive
147,2022-07-29 08:27:05+00:00,explore_ai_acad,South Africa,"Batch data is a set of data records collected over a defined time. Data batches are stored in a single place while they are collected before being sent off to a target destination for further processing. 

#ExploreDataScienceAcademy #DataScience #BatchData #TechSkills https://t.co/mfN1sjamfP",Neutral
148,2022-07-28 15:04:40+00:00,explore_ai_acad,South Africa,"Top 5 skills you'll always need in data science. Do you think there's something missing in this list? 

Share your thoughts in the comments. 

#ExploreDataScienceAcademy #DataScientist #Skills",Neutral
149,2022-07-28 09:03:01+00:00,explore_ai_acad,South Africa,"Our term of the week is Streaming Data. ğŸ“–

Want to know more?  Have a look at our website for information on our Data Engineering course. https://t.co/f2d4DaW8FW 

#ExploreDataScienceAcademy #DataEngineering #TermOfTheWeek #TechSkills #Elearning #StreamingData https://t.co/0blwuObgLO",Neutral
150,2022-07-27 13:09:01+00:00,explore_ai_acad,South Africa,"#MeetTheExplorers ğŸ‘¨ğŸ½â€ğŸš€

EXPLORE AI team member, Blessing, is a data scientist who is happy to contribute to the growth of EXPLORE.

Do you have any questions for himâ”

#ExploreDataScience #DataScientist #ExploreAI #MeetTheTeam https://t.co/TVhQAWbIMu",Positive
151,2022-07-27 07:54:58+00:00,explore_ai_acad,South Africa,#DataQuality #DataInsights #BigData #DataGovernance #Artificial_Intelligence,Neutral
152,2022-07-26 08:08:01+00:00,explore_ai_acad,South Africa,"Time to solve this week's problem. ğŸ‘ 

Comment with your answer ğŸ’¬

#ExploreDataScience #DataScience #SolveTheProblem #ProblemSolving #WeeklyProblem https://t.co/jyqewcMwwg",Neutral
153,2022-07-25 06:40:59+00:00,explore_ai_acad,South Africa,"@abigaelkinini Muzi: 

A typical day involves the following,
- Corresponding with students, mostly to help with course content.
- Planning and or giving webinars.
- Internal meetings.
- Listening to Lofi music ğŸ™‚",Neutral
154,2022-07-25 06:39:44+00:00,explore_ai_acad,South Africa,"@abigaelkinini Andile's day in the life:
Looks at calendar, sees 2 hours free. Plans a random activity for an hour. Works really hard till the task is done. Happy dance. Saying, ""I love my job"" at end of day.",Neutral
155,2022-07-22 08:24:01+00:00,explore_ai_acad,South Africa,"In this article, the author introduces data engineering from the perspective of the data science hierarchy of needs, breaks down what ETL and ELT pipelines are, and touches on the involvement of data warehouses. https://t.co/qAi8Lg4klK 

#DataEngineering #DataScience https://t.co/oNIKtVvfid",Neutral
156,2022-07-21 17:22:02+00:00,explore_ai_acad,South Africa,"Meet the Explorers ğŸ‘¨â€ğŸš€

The goal of our expert #facilitators is to ensure that you, the student, can progress smoothly through the course.

Would you like to learn more about their daily tasks? Comment below. ğŸ‘‡
#dataengineering #ExploreDataScience https://t.co/V4jtYyzMKX",Positive
157,2022-07-20 11:24:01+00:00,explore_ai_acad,South Africa,"Meet the Explorers ğŸ‘¨â€ğŸš€

Becoming an expert in #Python, SQL, databases, and the ins and outs of big data doesnâ€™t happen overnight. Our head teachers are on hand throughout the course to help and guide you. #EXPLOREDataScience #EXPLOREteam #DataEngineering  #TechTeacher https://t.co/u5AfFjyQ2W",Positive
158,2022-07-19 06:52:57+00:00,explore_ai_acad,South Africa,@maposa_d Thank you Darlington.,Positive
159,2022-07-19 06:43:56+00:00,explore_ai_acad,South Africa,@abigaelkinini All Explorers are geeking over Webb's satellite imagery ğŸ¤©.,Positive
160,2022-07-19 06:20:40+00:00,explore_ai_acad,South Africa,@marvel_ero That's the Explore way. ğŸ‘,Positive
161,2022-07-18 11:10:01+00:00,explore_ai_acad,South Africa,"Happy Nelson Mandela day. 
#education #ExploreDataScienceAcademy https://t.co/qFnbABIKYX",Neutral
162,2022-07-15 18:30:07+00:00,explore_ai_acad,South Africa,"This comprehensive guide by @TechTarget explains what #datascience is, how it works, and why it's important to organisations. https://t.co/R6gJTHcwV8 

#innovation #ExploreDataScience https://t.co/sPQ8qFo3bx",Neutral
163,2022-07-14 17:26:02+00:00,explore_ai_acad,South Africa,"Meet the Explorers ğŸ‘¨â€ğŸš€

Our facilitators are problem solvers, skilled communicators, #Python  experts, and your go-to academic support system. 

Do you have any questions for Trevor, Maryam, Nomfundo, John, Claudia, Elizabeth, Gabe, or Chad?

#DataScience  #teamexplore https://t.co/LWD1m5CrVx",Neutral
164,2022-07-14 11:21:45+00:00,explore_ai_acad,South Africa,"@abigaelkinini Abigael, thank you for continuously engaging with ExploreğŸ˜€.",Positive
165,2022-07-14 11:16:25+00:00,explore_ai_acad,South Africa,Zintle - Here's my LinkedIn profile https://t.co/LIrjLk1qXP,Neutral
166,2022-07-14 11:16:25+00:00,explore_ai_acad,South Africa,"Zintle - Getting into the tech world was intimidating at first, especially because I came from a biology background and everyone felt like they belong more than I did. Once I realised that I am just as good I felt less intimidated and it became easier for me to own the space.",Positive
167,2022-07-14 11:16:24+00:00,explore_ai_acad,South Africa,"Nolwazi - In my case I can't say it was hard, I come from a STEM background (Mathematics). I was already accustomed to a similar environment. Yes I do mentor.",Positive
168,2022-07-14 11:16:23+00:00,explore_ai_acad,South Africa,"@abigaelkinini 

Raisa - Navigating the tech environment has been surprisingly easy - it depends on the diversity of your working environment. We offer mentorship to students and interns at EXPLORE.",Positive
169,2022-07-13 12:46:12+00:00,explore_ai_acad,South Africa,Keep an eye out for the next puzzle @solidStreams https://t.co/qCcyy3kg02,Neutral
170,2022-07-13 11:25:01+00:00,explore_ai_acad,South Africa,"Meet the Explorers ğŸ‘¨â€ğŸš€
Our head teachers are far from your typical #tech nerds. Yes, theyâ€™re #data experts, but itâ€™s their personalities and attitudes that got them hired.

Do you have any questions for Okello, Zintle, Reo, James, Nolwazi, Raisa or Chris? https://t.co/kNgcycWCSj",Neutral
171,2022-07-11 12:57:01+00:00,explore_ai_acad,South Africa,"Welcome future Explorers, you are now a part of the revolution!

We are pleased to have you on board as we look forward to a new frontier. Thank you for choosing EXPLORE as your provider of life-changing skills. To infinity and beyond! ğŸš€
#JoinTheRevolution https://t.co/pjLd746MH3",Positive
172,2022-07-08 18:28:01+00:00,explore_ai_acad,South Africa,"Clustering, Association and Dimensionality Reduction are three of the Unsupervised Learning Methods. Have a look at this visual to see how each one of these techniques works. 

#EXPLOREDataScience #DataScience #MachineLearning #UnsupervisedLearning #TechSkills #UpSkill #4IR https://t.co/8ADgiWIpQ3",Neutral
173,2022-07-08 14:28:00+00:00,explore_ai_acad,South Africa,"ğŸ¥³Congratulations. @Ifunanya082, @Abdul_Afeez99 @solidStreams and @a_druza https://t.co/JM6mTKXSm0",Positive
174,2022-07-07 17:41:01+00:00,explore_ai_acad,South Africa,"Where is unsupervised learning used? Almost every part of our lives contains some form of unsupervised learning, even social media. 

#EXPLOREDataScience #DataScience #MachineLearning #UnsupervisedLearning #TechSkills #Elearning #4IR https://t.co/PHFo6ErteJ",Neutral
175,2022-07-06 11:02:01+00:00,explore_ai_acad,South Africa,"Meet the EXPLORERs ğŸ‘¨â€ğŸš€ 
Kieran is not only the voice of our video content but also the Marketing Manager for the Academy.  Do you have any questions for him? 

Let us know in the comments ğŸ’¬  
#EXPLOREDataScience #MarketingManager #TheVoice #EXPLORER https://t.co/H9ZjAUSzwy",Neutral
176,2022-07-05 08:30:02+00:00,explore_ai_acad,South Africa,"The foundation of being a good data scientist is being an excellent problem solver. 
Keep an eye out for our weekly problem and see how fast you can solve it. 
Remember to comment with your answer. ğŸ’¬ 

#EXPLOREDataScience #DataScience #SolveTheProblem #ProblemSolving https://t.co/W1uKrTGG4K",Neutral
177,2022-07-04 13:15:04+00:00,explore_ai_acad,South Africa,"Our students are starting their final chapter of learning this week, unsupervised learning. These algorithms find patterns or groups in data without the supervision of humans. Think Netflix

#EXPLOREDataScience #DataScience #MachineLearning #TechSkills #Elearning #4IR #Netflix https://t.co/mv4Suj4nlV",Neutral
178,2022-07-01 10:14:01+00:00,explore_ai_acad,South Africa,"Do you know what the answer is? 
Comment to let us know ğŸ’¬ 

#EXPLOREDataScience #ProblemSolving #SolveTheProblem https://t.co/ONqd3dbnQ9",Neutral
179,2022-06-30 12:09:01+00:00,explore_ai_acad,South Africa,"You can explore the open-source projects using the following links:

1. Coronavirus Tweets NLP - Text Classification: https://t.co/Ec1rGMfGhE
2. Source-Based Fake News Classification: https://t.co/VbVvWp2PSZ
3. Spam Text Message Classification: https://t.co/zvEFGmuiJb

#Kaggle https://t.co/vMmUpxyGcQ",Neutral
180,2022-06-29 14:13:01+00:00,explore_ai_acad,South Africa,"Online communities can help you navigate the world of data science through forums and collaboration. Participating in some challenges can help you build a repository of experience to show to your potential employers.

#ExploreDataScience #DataAnalytics #DataScience #Kaggle #Zindi https://t.co/quRMEHlmOg",Neutral
181,2022-06-28 08:28:01+00:00,explore_ai_acad,South Africa,"Classification problems can be found in almost all spheres of life. Here are a few examples of how classification can be used.

#ExploreDataScience #DataAnalytics #DataScience #DataEngineering #ML #MachineLearning #AI #UpSkill #Elearning #4IR https://t.co/jqODYEsHZv",Neutral
182,2022-06-27 13:11:01+00:00,explore_ai_acad,South Africa,"What skills and tools do you need to be a machine learning engineer? Comment and let us know if you can think of any other.

#ExploreDataScience #DataScientist #MachineLearningEngineer #Skills #UpSkill #TechSkills #Tools #Mathematics #Programming #Statistics #ProblemSolving #4IR https://t.co/VwMV9wyiAL",Neutral
183,2022-06-24 12:33:45+00:00,explore_ai_acad,South Africa,"@abigaelkinini 2. Yes, practice is very important. Keeping the coding muscle active is imperative! Because the field is so dynamic, it is also important to keep up to date with the latest methods.",Positive
184,2022-06-24 12:32:41+00:00,explore_ai_acad,South Africa,"@abigaelkinini 1. I do not have any interns at the moment, since I've just started at EXPLORE. Looking forward to taking on some in the future.",Positive
185,2022-06-24 08:44:26+00:00,explore_ai_acad,South Africa,"What's your favourite way of learning new skills that help you at work or in building your portfolio?

If your method is not listed, leave your answer in the comments. 

#TechSkills #Upskill #Elearning",Neutral
186,2022-06-23 09:57:01+00:00,explore_ai_acad,South Africa,"Meet the EXPLORERs ğŸ‘©â€ğŸš€
Raisa is one of our data science course facilitators. Do you have any questions for her?

Let us know in the comments ğŸ’¬

#EXPLOREDataScience #EXPLOREteam #DataScience #Teacher #TechTeacher #CourseFacilitator https://t.co/5ov2yTZdy6",Neutral
187,2022-06-22 11:18:01+00:00,explore_ai_acad,South Africa,"What statistical metrics can we use to test the performance of your classification model? 

#EXPLOREDataScience #DataScience #MachineLearning #Classification #Statistics #TechSkills #Upskill #Elearning #4IR #AI https://t.co/jKo1tZmUhm",Neutral
188,2022-06-21 14:25:02+00:00,explore_ai_acad,South Africa,"It is important to always test your models. This will confirm that you have the best possible model and that it is accurately describing the underlying dataset.

#ExploreDataScience #DataAnalytics #DataScience #DataEngineering #ML #MachineLearning #AI #UpSkill #Elearning #4IR https://t.co/p3sxDuStr9",Neutral
189,2022-06-20 13:12:01+00:00,explore_ai_acad,South Africa,"There exist multiple classification models to address categorisation in machine learning. These are some of the basic models that you should learn to get a good grasp of classification models.

#ExploreDataScience #DataAnalytics #DataScience #DataEngineering #ML #MachineLearning https://t.co/3iznjxN4Mp",Neutral
190,2022-06-17 13:45:03+00:00,explore_ai_acad,South Africa,"What skills and tools do you need to be a data engineer? Comment and let us know if you can think of any other.

#ExploreDataScience #DataEngineer #Skills #UpSkill #TechSkills #Tools #Mathematics #Programming #Statistics #ProblemSolving #4IR https://t.co/TTsGsHiHXZ",Neutral
191,2022-06-16 12:05:02+00:00,explore_ai_acad,South Africa,"Binary classification deals with data that can fall into one of two categories, whereas multi-class classification deals with data that can fit into one of the multiple categories available.

#ExploreDataScience #DataAnalytics #DataScience #DataEngineering #ML #MachineLearning https://t.co/JPqRhJwRW9",Neutral
192,2022-06-15 11:19:01+00:00,explore_ai_acad,South Africa,"Classification problems are a subset of machine learning problems where we attempt to categorise data into specific classes. 

#ExploreDataScience #DataAnalytics #DataScience #DataEngineering #ML #MachineLearning #AI #UpSkill #Elearning #4IR https://t.co/vsWLpjsBZL",Neutral
193,2022-06-14 12:17:01+00:00,explore_ai_acad,South Africa,"How do careers in data relate to the data science process? ğŸ’» 

Our courses will equip you with the right skills to follow these career paths. 
Enrol now - https://t.co/f2d4DaW8FW.

#EXPLOREDataScience #DataScientist #DataEngineer #DataAnalyst #MachineLearningEngineer #TechCareer https://t.co/qn1IavVOZu",Neutral
194,2022-06-13 12:57:01+00:00,explore_ai_acad,South Africa,"Meet the EXPLORERs ğŸ‘©â€ğŸš€ 
Zintle is one of our head data science teachers. Do you have any questions for her?

Let us know in the comments ğŸ’¬ 

#EXPLOREDataScience #EXPLOREteam #Teacher #DataScience #TechTeacher https://t.co/PMtt16nHfM",Neutral
195,2022-06-10 10:13:03+00:00,explore_ai_acad,South Africa,"Did you know that you can take your regression EDA one step further with the Python statsmodels library? Statsmodels has a simple summary function that provides many metrics, including a coefficients table.

Read more here: https://t.co/kssjvQUy7H

#EXPLOREDataScience #EDA https://t.co/H8BOmq4cBG",Neutral
196,2022-06-09 14:27:02+00:00,explore_ai_acad,South Africa,"How do you know if your regression model is any good? We use statistics!

#ExploreDataScience #DataAnalytics #DataScience #DataEngineering #ML #MachineLearning #Regression #UpSkill #Elearning #4IR https://t.co/uUgUqQsAJ0",Neutral
197,2022-06-08 16:41:01+00:00,explore_ai_acad,South Africa,"Simple linear regression can easily be implemented in Python using Sklearn or statsmodels libraries. Other valuable libraries include NumPy, pandas, and matplotlib.

#ExploreDataScience #DataAnalytics #DataScience #DataEngineering #ML #MachineLearning #Regression #UpSkill #4IR https://t.co/22jZ8WN4fm",Neutral
198,2022-06-07 18:29:01+00:00,explore_ai_acad,South Africa,"We can choose the most appropriate regression model based on the types of variables and relationships. EDA (Exploratory Data Analysis) should give us all the information to make this decision.

#ExploreDataScience #DataAnalytics #DataScience #DataEngineering  #MachineLearning https://t.co/alwdrrmzBT",Neutral
199,2022-06-07 10:02:01+00:00,explore_ai_acad,South Africa,"There's less than one week left to apply! âŒ› 
What are you waiting for? 

Enrol now - https://t.co/f2d4DaW8FW.

#ExploreDataScience #DataScience #DataEngineering #DataAnalytics #Upskill #TechSkills #Elearning #TechCareers #EnrolNow https://t.co/N2ySHHcI56",Neutral
